timestamp,detected_text,target_found
2025-09-03T23:13:02.700889,=> wr. a a,False
2025-09-03T23:13:03.755845,=,False
2025-09-03T23:13:04.569791,"2, il '\ gwar",False
2025-09-03T23:13:05.514563,oo We  S,False
2025-09-03T23:13:06.310189,-_ — Y,False
2025-09-03T23:13:07.073835,la,False
2025-09-03T23:13:08.128099,". , —— , — De ee Y x",False
2025-09-03T23:13:09.118794,~_ ox: . SS,False
2025-09-03T23:13:10.043627,a — Nii ‘NY eS 2 ( i o * :,False
2025-09-03T23:13:10.802590,i —_ ) — . Awe = y y,False
2025-09-03T23:13:11.816547,eat,False
2025-09-03T23:13:13.016329,eet a,False
2025-09-03T23:13:13.760546,,False
2025-09-03T23:13:14.642651,-_ oN ee,False
2025-09-03T23:13:15.520367,avs aN AIS,False
2025-09-03T23:13:16.300049,ae SS,False
2025-09-03T23:13:16.982772,BB joo,False
2025-09-03T23:13:17.904398,| = NS PARAS,False
2025-09-03T23:13:18.547576,,False
2025-09-03T23:13:19.265563,,False
2025-09-03T23:13:19.914324,,False
2025-09-03T23:13:20.733734,WN,False
2025-09-03T23:13:21.452860,p > ; = « . 4 I v - 5,False
2025-09-03T23:13:22.291914,"4 Y, ~~ va A¥ ~~ & = |e | “at = . = te — ee me, sS om ei) =n. ae",False
2025-09-03T23:13:23.582422,SS BARAT EIN oe ! : ar 4 . [ef] | BEA ~ ¥ p - a as = Pd =| awe Os,False
2025-09-03T23:13:24.933931,"= a . : si . SEALED ES BEES ED ES? . SS] Reo Se = fof /~<S os Pe ee et k= Bh] or \ dete. ge"" > : sty. j= Pars = q & < > *: 4 So a Eom t= Ease I a NVI | : SF — SY aa SYS Se D245 + % =",False
2025-09-03T23:13:26.161561,RSA BA FA DAES EERE aig; fp] es ~ al a Ale Cea 5 wa > oe s 4 Es = I OS BA as \ Ee a | oe / fet \ NOR = 4 p< |] R\ ! 3 a S / i a nei 1 Si >a: & ~— »& .,False
2025-09-03T23:13:27.273010,a -  — os BBL BA 2 5 SS EES EE = : ae P z TS} I wa AS Sa : res > | Te eS eer a | et ISI | | 22S | w \f | S,False
2025-09-03T23:13:28.801281,"~ N Y, ¥ J wo Pa ADA BA PA PA EH ED E . AS BAALATTNSISININIEARINSININNSSS SS See =] Ae SS Se - a | ey par - ~ a: a. . oe fe] || RTS oq \ EO ONT aaa, fF Se a we FA Sye ps ? Sy : 445] fe eS — eS 3 ) =e Ss] P< > ; a ae > yee ou ww 7) a ~ |  * ng 1 Si ew -",False
2025-09-03T23:13:30.405232,"a] : = ‘A ~ ~ : aA 2 ae s A BA BR ee BB Eo Be Vs | | <2 PAAR te a= Se ‘ fo = fe at fs} ||) a TS ae VS. aad = ieee >< z = ¥ >a “ iy, {> es mFS z ES * zs i >! . ¢ = | ate 7 2 y \ eS ane pain",False
2025-09-03T23:13:32.005263,"=! fi LN ate SSS ——— —— = ————— a £4 2 a G6 2... ed 0 0A 09, WASNT es es Ss] pe = TS] | See oe Soe 2 ES, ~ et fe] || 72 Cg as wa a aig = My ~ Se — = im — ~ ae SI = a IS as NG 7 ) Sas > [>] | | £2 Say \ 22 SFE SD —] Se »D« co = ee TSI ee OK > E a = Mt ISS} | | 22a TG ‘eQq as ge Li - >a? = ”",False
2025-09-03T23:13:33.290370,"EG . 2 N, Yq ¥ ve r su v LSA SA Ee -o 3.4. slp {AAO Tye BS A eB I ee S Ss] Peo on Cag ¥ engl =k - >« — ie po 4 =. . oT 2 eo Ns tee SS] |) BA ecw \ Ae Sa y) : se f—] | ay wy) —< ig . IS] Ne .— a",False
2025-09-03T23:13:34.671264,i a [EGE IGEG es: Savas j eee : * —— pe >= = a a | _ — a ee a —<. : md I>] |. BATS eg \ > as a oe b> & : ef “ > I.\ I = we AS pee & wa fe,False
2025-09-03T23:13:35.993871,"ys A BL Bc Le ee Bo, Eo pe FS} | SS eer - 5 ai FS] PX > ye > pe a. , : ¥ & & < > | i se Ah RAMI wR a LE | eS ai = E ca 7 \ he | se TS] | | 22k | cy . ae: | . >. « Aaa = ss J",False
2025-09-03T23:13:37.746136,"an! oe E E ee ‘ @ (EEA EL EO EE 8 SS | ae ee a n met fs} || HATE ay \R rx 5 a al mK 3 é ~~ Sica me set SS] PM oo —e . — >a 7 > ——. ef {4 | >: or se 5 Re > [I me, “ay aT “FS SS < —?) Se >« a ge : ee =] | a wn es » ae =~ on ! ia > | 7 € —I \ = KAS Pet Ns “ it I’ pw 2 4 =",False
2025-09-03T23:13:38.986036,": ae f 4 = SS PAB SS Se oa at oe aa nv ee [SS] ‘om pa =o at wv. es ~ ai [SS] P< > ain eH = FS) || BA 7. wee \ BS <~y ef] PM > aa ig a Sl |, Ko TR Oe | BANS Weds",False
2025-09-03T23:13:40.368092,al / 4 » 5 A BA BL Le ee OE ES TS] | Fs ae wr = a> = A Es. ‘ 3 “ » F pe > al ES pe ~~ Le Sie > = Ps ees : 7 » =. sd FS] || kT egy \E | eee \ —ppl LT Wie paw F amare,False
2025-09-03T23:13:41.214615,"erg tae Some: * sy = 9 2 — oe te te i : > i al a VL a ¢ i a ,",False
2025-09-03T23:13:42.227341,|,False
2025-09-03T23:13:43.185362,"~~ = — i i— oe — = is <, 7 S Pe : aa a ea a eae ai : aoe & a",False
2025-09-03T23:13:43.995659,es ~ ~,False
2025-09-03T23:13:44.683465,=,False
2025-09-03T23:13:45.398971,aa ee): q ip 4 _ 7 a - y a ae ec Se ee ae |,False
2025-09-03T23:13:46.125227,"a é 4 t ; = - i ee ee = eo ee ee "" * oa te",False
2025-09-03T23:13:46.788639,» E t 4 ‘ y q,False
2025-09-03T23:13:47.474806,aoe ws = 2,False
2025-09-03T23:13:48.168938,: a,False
2025-09-03T23:13:48.868708,' | F ksi,False
2025-09-03T23:13:49.810530,,False
2025-09-03T23:13:50.691227,S|,False
2025-09-03T23:13:51.368878,-,False
2025-09-03T23:13:52.214628,- | |,False
2025-09-03T23:13:53.285252,s |,False
2025-09-03T23:13:53.879773,ae,False
2025-09-03T23:13:54.766719,2 |,False
2025-09-03T23:13:55.668480,s |,False
2025-09-03T23:13:56.679869,Sf |,False
2025-09-03T23:13:57.639953,ae -& | s > oi,False
2025-09-03T23:13:58.654406,ss |,False
2025-09-03T23:13:59.565082,—,False
2025-09-03T23:14:00.200384,,False
2025-09-03T23:14:00.848988,,False
2025-09-03T23:14:01.412722,- 7,False
2025-09-03T23:14:02.067039,¢ | ; fi x4,False
2025-09-03T23:14:02.782603,a 7 “ais 4 .,False
2025-09-03T23:14:03.590891,a | é _~,False
2025-09-03T23:14:04.374914,ae — ao ae a = 5) ze in : . = : -*,False
2025-09-03T23:14:05.074580,3 <a F 4,False
2025-09-03T23:14:05.759471,x a ?,False
2025-09-03T23:14:06.357537,,False
2025-09-03T23:14:07.253501,es |,False
2025-09-03T23:14:07.939770,= & ow * .,False
2025-09-03T23:14:08.847300,2 |,False
2025-09-03T23:14:09.873343,,False
2025-09-03T23:14:10.975357,fe |,False
2025-09-03T23:14:11.906743,|,False
2025-09-03T23:14:12.837422,se |,False
2025-09-03T23:14:13.710534,s Li x: LZ,False
2025-09-03T23:14:14.387940,| —_ | % | ee,False
2025-09-03T23:14:15.041742,,False
2025-09-03T23:14:15.802325,ee — == —— > ‘s,False
2025-09-03T23:14:16.735650,“Si eg >. ane Sa a - a =,False
2025-09-03T23:14:17.609451,oo = ‘ a a” = ht ag pec Ucar =,False
2025-09-03T23:14:18.583147,— —_ “ — ja ea oe ae q |,False
2025-09-03T23:14:19.628593,"a —_— a, be a = aa | + “3 | EF a: o® : * ese } Omg te ts",False
2025-09-03T23:14:20.329716,E | _ 2 4 . a: | at ee,False
2025-09-03T23:14:21.248339,a a is ss ae y i _ £ . xs ie 4 —- | a zi “a 4,False
2025-09-03T23:14:21.974319,"= - 7 —- Se t , oes , - | a eee",False
2025-09-03T23:14:22.654709,|,False
2025-09-03T23:14:23.493510,_ = : : eas ) ~-. j *,False
2025-09-03T23:14:24.099205,|,False
2025-09-03T23:14:24.740267,,False
2025-09-03T23:14:25.642449,<a ——- 5 : -™ — bo ws oe : sh re —,False
2025-09-03T23:14:26.376360,a i a | —- ‘y = : po = F aie,False
2025-09-03T23:14:27.164228,ated ‘Ye — j ae eae,False
2025-09-03T23:14:27.869458,es = = | : Be — pas ee a ’,False
2025-09-03T23:14:28.435640,,False
2025-09-03T23:14:29.763166,"a + r in ; ene, begs ee * Be",False
2025-09-03T23:14:30.649423,|,False
2025-09-03T23:14:31.497693,y i : 5 ee roe i= © wig Se \,False
2025-09-03T23:14:32.156041,ry —_ — y 7 “< “,False
2025-09-03T23:14:32.839954,ec © a a aa as - a =,False
2025-09-03T23:14:34.282200,=,False
2025-09-03T23:14:35.114100,a j ae ae a 2,False
2025-09-03T23:14:36.155396,ee a ae . |,False
2025-09-03T23:14:36.913483,res.” HELLO ge,True
2025-09-03T23:14:41.186914,x: 4,False
2025-09-03T23:14:41.991103,ee ech,False
2025-09-03T23:14:42.874739,> a te ae 5 oe z = =,False
2025-09-03T23:14:43.543269,a se %: Qe Ree ae -3 ~ / a1,False
2025-09-03T23:14:44.409810,ee eee bd + ; FJ a ie | wa,False
2025-09-03T23:14:45.217780,qi Se a Se ee Se HE CL ace a = sf 1 ‘aie,False
2025-09-03T23:14:45.976784,1: Leo < See :,False
2025-09-03T23:14:46.886389,Sag: ea eee ete i oa = x ss Ee ie HELLO pot aee: ” |,True
2025-09-03T23:14:48.179652,‘,False
2025-09-03T23:14:48.863393,HELLO eee.,True
2025-09-03T23:14:49.583055,HELLO .,True
2025-09-03T23:14:50.223158,,False
2025-09-03T23:14:51.137883,we LEO x -. ig. se ee) :,False
2025-09-03T23:14:51.896331,", .",False
2025-09-03T23:14:52.674169,.,False
2025-09-03T23:14:53.390141,HELLO i,True
2025-09-03T23:14:54.797957,. |,False
2025-09-03T23:14:55.524545,: .,False
2025-09-03T23:14:56.350280,.,False
2025-09-03T23:14:57.485252,[: >,False
2025-09-03T23:14:58.201251,a - | fa,False
2025-09-03T23:14:58.972745,,False
2025-09-03T23:14:59.902708,ofa |,False
2025-09-03T23:15:00.891032,ee | |,False
2025-09-03T23:15:01.796398,fe |,False
2025-09-03T23:15:02.878805,fe |,False
2025-09-03T23:15:03.905026,eo |,False
2025-09-03T23:15:04.934475,se |,False
2025-09-03T23:15:05.982211,se |,False
2025-09-03T23:15:06.858830,_s |,False
2025-09-03T23:15:07.980112,2 |,False
2025-09-03T23:15:08.925121,", os ig oe Ss. % * ;",False
2025-09-03T23:15:09.680209,j |,False
2025-09-03T23:15:10.745363,.,False
2025-09-03T23:15:11.400594,,False
2025-09-03T23:15:12.331920,ahs ee,False
2025-09-03T23:15:13.044104,_— t { HL LE6 | ~N | oe = a i,False
2025-09-03T23:15:13.757591,,False
2025-09-03T23:15:14.846266,-_ OJISH,False
2025-09-03T23:15:15.521042,BWELSO ~*~,False
2025-09-03T23:15:16.262103,WE LL Le),False
2025-09-03T23:15:16.954529,HE LL O HELLO,True
2025-09-03T23:15:18.649403,", HELLO es",True
2025-09-03T23:15:19.520461,OJSSH,False
2025-09-03T23:15:20.134853,QWISH,False
2025-09-03T23:15:20.933765,,False
2025-09-03T23:15:21.885200,HELLO et,True
2025-09-03T23:15:22.800964,+S,False
2025-09-03T23:15:23.787585,eee ae ee ee 23s See F a fe ae a ay — E,False
2025-09-03T23:15:24.716049,— a He FEL ms —— Ss S a ha tell he th. MJ $n Jj,False
2025-09-03T23:15:25.414245,HELLS |,False
2025-09-03T23:15:26.113955,HELLO = },True
2025-09-03T23:15:27.394796,} | { \ J \ 1 1 + UU. io — > { { eS oe,False
2025-09-03T23:15:28.194118,+? > i a FF eee fe : % a s .- * 4,False
2025-09-03T23:15:28.940914,: “~ | f b,False
2025-09-03T23:15:29.618154,Gr eee <9 \ imc 3 an | foe,False
2025-09-03T23:15:30.463250,HELLO,True
2025-09-03T23:15:31.260759,"——s | , \ A —— a a oe ~ >»",False
2025-09-03T23:15:32.104839,ee o “ at = = : \ : \ ™ \ > a 7 ¥ Po ae ge ae! I~ +\ 7,False
2025-09-03T23:15:32.912572,"p< 4 . "" q ns, a Po 2 i Pe ee ~9~. = a ' r aa s",False
2025-09-03T23:15:33.570647,* g >> ee in,False
2025-09-03T23:15:34.639625,wf |,False
2025-09-03T23:15:35.599213,£ |,False
2025-09-03T23:15:36.618898,SS |,False
2025-09-03T23:15:37.706393,LS |,False
2025-09-03T23:15:38.715788,,False
2025-09-03T23:15:40.292847,S|,False
2025-09-03T23:15:40.951542,,False
2025-09-03T23:15:41.658764,,False
2025-09-03T23:15:42.638008,£. |,False
2025-09-03T23:15:43.509996,£ |,False
2025-09-03T23:15:44.210576,* ;,False
2025-09-03T23:15:45.092975,£. |,False
2025-09-03T23:15:46.015529,£. |,False
2025-09-03T23:15:46.846898,£ |,False
2025-09-03T23:15:47.587748,>>s | Be },False
2025-09-03T23:15:48.189598,,False
2025-09-03T23:15:49.023054,S|,False
2025-09-03T23:15:49.898585,2S |,False
2025-09-03T23:15:50.796103,Ss |,False
2025-09-03T23:15:51.733273,Ss |,False
2025-09-03T23:15:52.395186,q rT a,False
2025-09-03T23:15:53.231104,S|,False
2025-09-03T23:15:54.425835,£ |,False
2025-09-03T23:15:55.018520,|,False
2025-09-03T23:15:55.687153,=. A +. = ze =,False
2025-09-03T23:15:56.800537,S|,False
2025-09-03T23:15:57.725081,f |,False
2025-09-03T23:15:58.673880,L |,False
2025-09-03T23:15:59.650726,L |,False
2025-09-03T23:16:00.754973,f |,False
2025-09-03T23:16:01.969077,£ |,False
2025-09-03T23:19:34.799585,S|,False
2025-09-03T23:19:36.087327,Ss |,False
2025-09-03T23:19:37.085698,cae . am | ~ } 4,False
2025-09-03T23:19:37.832157,f ' . a a r],False
2025-09-03T23:19:38.671212,Ss — ' ; foe 4 } an = |,False
2025-09-03T23:19:39.600209,‘jd,False
2025-09-03T23:19:40.223309,= 4 — ] z y Fa ;,False
2025-09-03T23:19:40.790959,+ : ‘ - —,False
2025-09-03T23:19:41.664400,HELLO — > 2 — ‘ ‘aa : ‘ =a 4 j,True
2025-09-03T23:19:45.542461,,False
2025-09-03T23:19:46.144531,QJISN,False
2025-09-03T23:19:46.933206,= ‘ ; ; 7 P ‘ Ss ee INI WIJ IY Bj,False
2025-09-03T23:19:47.622987,,False
2025-09-03T23:19:48.223814,,False
2025-09-03T23:19:48.999397,ee OWAY,False
2025-09-03T23:19:49.768102,Ri 1 its 9 ’,False
2025-09-03T23:19:50.514809,ei clige,False
2025-09-03T23:19:51.400173,"ida ac, ; q",False
2025-09-03T23:19:52.143383,KAAS M ‘ |,False
2025-09-03T23:19:53.106586,\,False
2025-09-03T23:19:53.864768,Ss ‘ m =,False
2025-09-03T23:19:54.600586,HELCLOG - | Fai 2 ee | ae \,False
2025-09-03T23:19:55.302308,— ri . uw  <— _ _ —<— a *,False
2025-09-03T23:19:56.006786,ees PRE uo = = . —— Ps ns,False
2025-09-03T23:19:56.814965,= Te LL ONS,False
2025-09-03T23:19:57.582486,ti ce “_ oe = “a == bas ae . : o-,False
2025-09-03T23:19:58.370879,as ee ee ee ae yy - eee ‘s Ds 4 a © ba ~~ aes ~ oe,False
2025-09-03T23:19:59.042756,HE LEO,False
2025-09-03T23:19:59.996218,a Bei se oR een ar - ee ; gs as é Cee ae . ' somata a OS “33 Ba OIL “9 at “Su,False
2025-09-03T23:20:00.946570,; - eee Rew as — a ae ee ae war. ee ne > se a a. “Sa ag a.,False
2025-09-03T23:20:01.989854,$k oe ee : Se eee Pa ew eae iy ch = “a = —* - an . ot ay + a ft ’ + . = 2 P rs. oa th » ag,False
2025-09-03T23:20:03.082590,"a Figs pet _ eee eee ER eee ee oS 5 oS Oe See ,) ee vt ‘ "" *4s See c == a",False
2025-09-03T23:20:04.326058,"sf: Rar ‘S z Py anal bina aoe = = sor . e - oe ae HE * Lo '; ae ‘ arcs. ese i ee | zi ao, * re < | ONY 2",False
2025-09-03T23:20:05.247939,ee,False
2025-09-03T23:20:06.390231,"< “See e Ra, ae X J",False
2025-09-03T23:20:07.526449,ae ™ ~ae - er te ee ee oS — HELE Gee f ‘ 4 em os 4 i,False
2025-09-03T23:20:08.221127,,False
2025-09-03T23:20:09.035431,ask.,False
2025-09-03T23:20:09.723114,= HE CL Ge Se cs,False
2025-09-03T23:20:10.457976,HE COG i 4 a. ig,False
2025-09-03T23:20:11.240647,We LES i eres HELO x \ } \ a ; at o 2 bags 3,False
2025-09-03T23:20:11.878343,HELLO,True
2025-09-03T23:20:13.582460,HELLS [{) ee ae a,False
2025-09-03T23:20:14.373731,"HELLO t+ | , oo | | < eee 7",True
2025-09-03T23:20:15.253403,We LES j jae | \ ' Hes bie: L ee a ” Ns ; ee:,False
2025-09-03T23:20:15.956285,he LISS,False
2025-09-03T23:20:16.750112,"ae, € t. o 2 — pee _&",False
2025-09-03T23:20:17.602315,"ie ""I :",False
2025-09-03T23:20:18.490133,£. |,False
2025-09-03T23:20:19.212174,se P a. ~,False
2025-09-03T23:20:20.094653,"| a i i Fe - < * , P “ Sa - % =",False
2025-09-03T23:20:21.400498,S|,False
2025-09-03T23:20:22.518076,2,False
2025-09-03T23:20:23.736896,2 |,False
2025-09-03T23:20:24.988865,2 |,False
2025-09-03T23:20:26.208419,2. |,False
2025-09-03T23:20:27.514604,j e : ' ‘| ° “ 2 ¢ - ; & i = *,False
2025-09-03T23:20:28.919374,s |,False
2025-09-03T23:20:30.475769,_@ |,False
2025-09-03T23:20:31.927782,q - 2 |,False
2025-09-03T23:20:33.447132,rr.,False
2025-09-03T23:20:35.189553,7 % | *,False
2025-09-03T23:20:36.900194,re],False
2025-09-03T23:20:38.301943,. — —a - _ z so * Ps F 4 ra a |,False
2025-09-03T23:20:39.513181,‘ a = oe “ — 1 x Pr),False
2025-09-03T23:20:40.378529,» £ . a -,False
2025-09-03T23:20:41.526449,s |,False
2025-09-03T23:20:42.634997,S|,False
2025-09-03T23:20:43.652429,* é anal Es J,False
2025-09-03T23:20:45.255155,re],False
2025-09-03T23:20:46.165384,,False
2025-09-03T23:20:47.427024,re?,False
2025-09-03T23:20:48.747594,re],False
2025-09-03T23:20:50.078754,s.|,False
2025-09-03T23:20:51.525712,re],False
2025-09-03T23:20:52.713062,re],False
2025-09-03T23:20:53.707605,ft qj > } *,False
2025-09-03T23:20:55.219952,s |,False
2025-09-03T23:20:56.368991,re],False
2025-09-03T23:20:57.525836,re],False
2025-09-03T23:20:58.248346,,False
2025-09-03T23:20:59.282079,ra,False
2025-09-03T23:21:00.149378,re],False
2025-09-03T23:21:01.081133,r],False
2025-09-03T23:21:02.234988,re],False
2025-09-03T23:21:03.662009,s. |,False
2025-09-03T23:21:05.490934,|,False
2025-09-03T23:21:07.241200,se |,False
2025-09-03T23:21:08.667024,—— ‘ _ : =i a ; = sen ‘,False
2025-09-03T23:21:09.697943,s |,False
2025-09-03T23:21:10.987654,S|,False
2025-09-03T23:21:11.842087,Ps =,False
2025-09-03T23:21:12.836870,f |,False
2025-09-03T23:21:13.711117,S|,False
2025-09-03T23:21:14.787741,S|,False
2025-09-03T23:21:16.088953,f |,False
2025-09-03T23:21:16.674037,j,False
2025-09-03T23:21:17.352408,"a i ee * om Po , ; = ; if fe",False
2025-09-03T23:21:18.154706,,False
2025-09-03T23:21:19.264075,S|,False
2025-09-03T23:21:20.045117,"4 4 4 bj ~‘ - o , «",False
2025-09-03T23:21:21.167893,Rs. as | = r gee,False
2025-09-03T23:21:22.386885,,False
2025-09-03T23:21:23.426074,2 |,False
2025-09-03T23:21:24.762141,2 |,False
2025-09-03T23:21:25.774432,f |,False
2025-09-03T23:21:26.718007,f |,False
2025-09-03T23:21:27.758328,Sf |,False
2025-09-03T23:21:28.713060,f |,False
2025-09-03T23:46:56.966468,a - a | ; ‘3 ; “ ba,False
2025-09-03T23:46:57.976881,‘ :. a Fa 4 Re ra ‘ q _ Me | ——e + - — ba y a | es | es 4 . =—,False
2025-09-03T23:46:58.821128,"e_ se > -_— ; 1 B= : Be . = | . _— 5 x, ‘| =i . < “iad v =",False
2025-09-03T23:46:59.578484,— i- os a : % Bt,False
2025-09-03T23:47:00.242181,E > vw i,False
2025-09-03T23:47:00.954408,we fo ¥. al “a .,False
2025-09-03T23:47:01.725014,|,False
2025-09-03T23:47:02.331824,= =,False
2025-09-03T23:47:03.122277, . ee” a2. : 4 a= * q,False
2025-09-03T23:47:03.902449,\- 4 = 2 e = ¥ a ¥ | | af fi o aa,False
2025-09-03T23:47:04.719403,ges ’ p ae . ¥,False
2025-09-03T23:47:05.456278,= i= P | a. | a sy | a of i-,False
2025-09-03T23:47:06.204705,"—_ Et 2, . ¢7 s * ¥ — ; 2 bd ‘ad",False
2025-09-03T23:47:07.107158,"= — 5 _ as = a . P i= ; | & + | 5 | | a as -_"" . 7 | Ps : * a ae i- + vo | Ld | | i se. a + din",False
2025-09-03T23:47:08.021881,\- 7 < . i ie 2 ae \ —— . aul | ae 7 | ul ie q xa - | 7 * ey 4 Paes <> “~~,False
2025-09-03T23:47:08.808584,"i: <a x _— — ‘i {= é | ¥. | oes ay | ir a 7 = a +. | J - : al aan j , J Fe “i a se 4 ee ng -_ > = 5 ial oY zx",False
2025-09-03T23:47:09.447113,"| ° a iw. , t Yoo % é ~ » = * . 4 3 nd FS ? 4 "" ‘ » -",False
2025-09-03T23:47:10.179698,"-_ a 1- ' 4 é = q ~ i eS * - ] ba ee — “ , ] y J ¥ ? | aati a - ps a",False
2025-09-03T23:47:11.094302,* a a + ae a . * ‘Sa 4,False
2025-09-03T23:47:11.895025,,False
2025-09-03T23:47:12.564976,. aad q = | ee = i a rm ¥ a 3 | i > Tm Poe cer,False
2025-09-03T23:47:13.263510,"a. * = ba « a z f } *; ._- i | Mea = ax, « i - | _— y San",False
2025-09-03T23:47:13.698421,: * ¥o,False
2025-09-03T23:47:14.182971,4 - 8 22 Ze Sethe,False
2025-09-03T23:47:14.759269,"c 1% oa ~"" q  . 3 J +). Fae",False
2025-09-03T23:47:15.235534,3. + 4,False
2025-09-03T23:47:15.783265,‘ ee ae .,False
2025-09-03T23:47:16.634523,"‘. — | t zl &.. a, 4 ¢ 4 = - . | 3 » — 4 #, 4. od — ~",False
2025-09-03T23:47:17.276326,= —_ = 2 £ a fe i |,False
2025-09-03T23:47:17.809361,= oe Pe — Bae q ‘ ff | m “ ¥ x .,False
2025-09-03T23:47:18.480710,¥ es a —_ = q Sie d ee rs - d pall ~ i —s a f * * x _— yo f 2 oe,False
2025-09-03T23:47:19.095423,"= ’ = — Ps 2. 2 1 ee ae, | a . - q",False
2025-09-03T23:47:19.749069,: : ; a * ; — ‘ re | a - P ; ==,False
2025-09-03T23:47:20.192465,ej ¢ i |=,False
2025-09-03T23:47:20.716876,_— ’ 4 i 1 at ' 4 y | = ag a 4 it . - ——.,False
2025-09-03T23:47:21.369201,% Pe é 2 Ball a | 4 A A i? | oe : | — | { ae eed 4 |= —~_ ¥ - ad *e d ~ ' . a ; a a> ‘ ag,False
2025-09-03T23:47:21.771073,& . :,False
2025-09-03T23:47:22.323509,* ™ i = i Pe y ——? 4 : # = ms =,False
2025-09-03T23:47:22.772953,,False
2025-09-03T23:47:23.303359,a uae ;,False
2025-09-03T23:47:23.869994,= 4 =—0 im = 4 § ae * te ie 4 = ¥ a x 4 : * . « z ca 7 Se * A isnt te eo,False
2025-09-03T23:47:24.382138,7 ; i p< ie “ » ” | ‘er 4 ‘a ae oe,False
2025-09-03T23:47:24.954318,i = & ea =4 | Joao i ¥ av <4 Ee | — f- a peng ea,False
2025-09-03T23:47:25.533206,,False
2025-09-03T23:47:26.351169,—,False
2025-09-03T23:47:27.024841,". “a 4 ee @, ' ify - « 2 _ - a. ae",False
2025-09-03T23:47:27.679869,". a H _., F Es at ord . cs tae i oe . “4 # a | "" oF ee Po 3 = ; - 4 oil 2 er",False
2025-09-03T23:47:28.388221,"ws i : | - a . = f ""4 :  —— — > [2 ~~ . oi ——",False
2025-09-03T23:47:29.036627,me nm a - i ‘ - * j _ —> af te et,False
2025-09-03T23:47:29.541600,=,False
2025-09-03T23:47:30.032191,i LA ¢ L_ d q,False
2025-09-03T23:47:30.610501,; ri Ent “ “ual ied : ‘4 f - 42 ¥ ? “ee £ . : : ‘ s = —: 4 2 { eo ¥ oie i,False
2025-09-03T23:47:31.061115,sg. g = ~~ i -* _ |,False
2025-09-03T23:47:31.552517,7 a ¥ é,False
2025-09-03T23:47:32.077054,i= : ie j,False
2025-09-03T23:47:32.536555,& iti,False
2025-09-03T23:47:33.202694,13 4 3 i,False
2025-09-03T23:47:33.902373,"t é <= ""3 ae * le. F. + b ? J : p* ~ ca — ¥ —ea",False
2025-09-03T23:47:34.471430,iis eee,False
2025-09-03T23:47:34.991501,% ¢ 3% P a ‘ - in = » ion a,False
2025-09-03T23:47:35.541229,o j,False
2025-09-03T23:47:36.155986,so : |,False
2025-09-03T23:47:36.868220,2 I,False
2025-09-03T23:47:37.563885,s |,False
2025-09-03T23:47:38.356941,ee,False
2025-09-03T23:47:39.018267,": oe al q PeGiex Be %, a '",False
2025-09-03T23:47:39.685789,“,False
2025-09-03T23:47:40.223880,rn,False
2025-09-03T23:47:40.939836,e,False
2025-09-03T23:47:41.602506,Ee ~€,False
2025-09-03T23:47:42.299440,"2, «e",False
2025-09-03T23:47:42.870991,"2 og tm, 2 _ ‘ -",False
2025-09-03T23:47:43.500207,e,False
2025-09-03T23:47:44.090260,Re ©! i -_ 3,False
2025-09-03T23:47:44.685539,": , 5 a os py v. 4 7",False
2025-09-03T23:47:45.198769,WE ee es r- % |,False
2025-09-03T23:47:45.900382,ee ee peer SS - ee See =i 2 ee pee = : ‘vi é. ete ~ 4 oe ® a a : =. 2 5 a Loe ‘ at wa,False
2025-09-03T23:47:46.538397,HE LL O es 4 tee] ae | |,False
2025-09-03T23:47:47.013866,,False
2025-09-03T23:47:47.565826,> ap oe - e: Fe : Ass HELLO poe Pat,True
2025-09-03T23:47:53.513677,~ a a eee = a i} wr . Pa,False
2025-09-03T23:47:54.120143,a ne SI. 5 hg = a ; he 5),False
2025-09-03T23:47:54.683964,; ae 4 - ],False
2025-09-03T23:47:55.423236,. x _ eae > 4 HE t= < meee a - - z 5 “he.,False
2025-09-03T23:47:55.947206,; eel,False
2025-09-03T23:47:56.633568,PS in aes - HELLO ee ;,True
2025-09-03T23:47:57.457135,HELLO _— Fail ; : Se ; aor : LL y..%,True
2025-09-03T23:47:58.464943,ss | oie eee | ’ a = a,False
2025-09-03T23:47:58.902498,,False
2025-09-03T23:47:59.532459,- HELE ‘e) ‘s eee | aon 3 \ oo.,False
2025-09-03T23:48:00.211299,: HELLO,True
2025-09-03T23:48:00.848295,"HELLO - eee | } ¥ L—_ = \ \ Ng 3} t- \ \ fe = i,",True
2025-09-03T23:48:01.390157,; WE LEO,False
2025-09-03T23:48:02.065081,; 4 ee Ene,False
2025-09-03T23:48:02.634292,; HEEL © | Pr q (Com \ f \ q - -,False
2025-09-03T23:48:03.252469,FS eae ee eS WHE be Ea . ae a \ | | } q -- | _,False
2025-09-03T23:48:03.773719,WELL Oo | \ | ak ‘S \ | | eae ig,False
2025-09-03T23:48:04.476921,3 of Be : 7 = 3 = — “2 é é .o SS,False
2025-09-03T23:48:05.280549,eS,False
2025-09-03T23:48:05.947165,eal ” — ” . é 2 . - . * . a } 4 oy,False
2025-09-03T23:48:06.508259,,False
2025-09-03T23:48:07.419784,Z £ * §,False
2025-09-03T23:48:08.238562,Je |,False
2025-09-03T23:48:09.122417,6 |,False
2025-09-03T23:48:09.962668,,False
2025-09-03T23:48:10.573678,,False
2025-09-03T23:48:11.280851,,False
2025-09-03T23:48:11.977428,a,False
2025-09-03T23:48:12.523851,,False
2025-09-03T23:48:13.354507,:,False
2025-09-03T23:48:14.324538,6 |,False
2025-09-03T23:48:14.868033,:,False
2025-09-03T23:48:15.329581,é,False
2025-09-03T23:48:15.796955,HE CES po ; _ —,False
2025-09-03T23:48:16.344002,"We LEG : a os oe eS , -",False
2025-09-03T23:48:16.917846,"7. ge oe | HE CEG iid “sr es | } : tM \ "" q ; m",False
2025-09-03T23:48:17.494471,,False
2025-09-03T23:48:17.998428,:. See “Ss Sea > as ia,False
2025-09-03T23:48:18.589897,4 ra fae - = - | a a ae : a a HE CLG i,False
2025-09-03T23:48:19.272378,———— eee a — C4 = oe,False
2025-09-03T23:48:19.799756,,False
2025-09-03T23:48:20.377759,HELLO 1 = | yaa to) an \ t {,True
2025-09-03T23:48:22.109841,HE CLO one | = tH,False
2025-09-03T23:48:22.782130,HE LCL Q eh 4 ; j,False
2025-09-03T23:48:23.300864,HE LL O,False
2025-09-03T23:48:23.759408,,False
2025-09-03T23:48:24.398247,,False
2025-09-03T23:48:25.199615,"Po a ar. oe aoulad Ps oe = ‘ . : * a “« oe a j ‘7 | "": ‘",False
2025-09-03T23:48:25.897407,"* , 3 , a",False
2025-09-03T23:48:26.605130,me,False
2025-09-03T23:48:27.797972,aN ;,False
2025-09-03T23:48:28.419109,,False
2025-09-03T23:48:29.188654,,False
2025-09-03T23:48:30.000953,s .,False
2025-09-03T23:48:31.091914,ZS |,False
2025-09-03T23:48:31.870898,a % ~ <a,False
2025-09-03T23:48:32.834642,. ‘ — ' a 3,False
2025-09-03T23:48:34.306717,,False
2025-09-03T23:48:35.714430,Ze |,False
2025-09-03T23:48:36.781423,Pi —,False
2025-09-03T23:48:38.706034,i ‘. — —_ = ‘ ‘ — Ps ot ©. 2 q \= { ¢,False
2025-09-03T23:48:40.189839,a |,False
2025-09-03T23:48:40.973024,° a ‘ © x »,False
2025-09-03T23:48:41.679795,Pe ® ' Xx,False
2025-09-03T23:48:42.675932,Ss |,False
2025-09-03T23:48:43.418911,x a,False
2025-09-03T23:48:44.282190,s |,False
2025-09-03T23:48:45.392606,Ss |,False
2025-09-03T23:48:47.917169,"¥ 4 , ; } 7 § »",False
2025-09-03T23:48:49.767697,| i,False
2025-09-03T23:48:50.997019,"¢ "" c. J ~ =.",False
2025-09-03T23:48:51.735001,: » F,False
2025-09-03T23:48:52.419648,i | ; 4 »,False
2025-09-03T23:48:53.054450,"L i q ¥ + 2 , Se",False
2025-09-03T23:48:54.027284,is |,False
2025-09-03T23:48:54.561336,&.,False
2025-09-03T23:48:55.059727,,False
2025-09-03T23:48:55.558866,—_— if —,False
2025-09-03T23:48:56.152742,,False
2025-09-03T23:48:56.602444,"ae, :",False
2025-09-03T23:48:57.094373,y * 7 4 5 | 4,False
2025-09-03T23:48:57.564603,,False
2025-09-03T23:48:58.324787,bi,False
2025-09-03T23:48:58.758524,E fi y 4 a ¥,False
2025-09-03T23:48:59.250479,", a § al “a ; shor gh i #* 4 ‘ee pM,",False
2025-09-03T23:48:59.792920,ey ce,False
2025-09-03T23:49:00.451699,". : - 4 { | WS ; Ry iv 14 Nae’ “i 4 i: ""we ¥ ee e ‘ i) , . a >",False
2025-09-03T23:49:01.120312,i be ~~ | Se L mie we ey i] Nee u's r,False
2025-09-03T23:49:01.711443,t A : e y Ww | am Vv: s,False
2025-09-03T23:49:02.584183,"; t ' "" maz ‘ / wat 7 3 LV Vv ” a \ ay, ~ 7 oa oe ‘ yy e",False
2025-09-03T23:49:03.207343,( : ey c=e ; ae ad = re ; QA : Val N¢@ i ~,False
2025-09-03T23:49:03.788899,". Q » ‘ = M f LA, : S|",False
2025-09-03T23:49:04.363725,.] . ~~ = Ps : a — ws,False
2025-09-03T23:49:04.966418,"t ~W/ Y= ef i Na fe > s £ fa Py mw ff - Y : i ay - Le, a .",False
2025-09-03T23:49:05.780645,% i : Le . f 3 = 4 p? | Viv a | me r | a 4 We = — <a,False
2025-09-03T23:49:06.412490,i ‘ » | le Vo -f | Von) es,False
2025-09-03T23:49:07.109470,""" i i) bd : a i ~~ F ” Es ne, v ""] of |. fe Nadi =",False
2025-09-03T23:49:07.699193,", ey ‘ a ’ , f o niles .",False
2025-09-03T23:49:08.375910,\ 4 ss “w ’ OR ¥ & cane al ry} vt Sj ae “5 ‘,False
2025-09-03T23:49:09.016594,| ‘ ' 2 q Bs z 5 1 = F } Vi vy E |,False
2025-09-03T23:49:09.956064,"t , ry \ io = ie ™ : f vs ie © wl Y #¢ > r yey ey “4 me",False
2025-09-03T23:49:10.571179,t 4. << An - i He io — J :,False
2025-09-03T23:49:11.209619,-{. :* * ys % ~ 2?,False
2025-09-03T23:49:11.991484,* ¢ 1 oe - ee J Ss. 9 ; \ Es,False
2025-09-03T23:49:12.567475,,False
2025-09-03T23:49:13.241025,"2 i: Eg HELLS > Hi — _ 7 3 a,",False
2025-09-03T23:49:13.825109,f 1 | } ’ ¥,False
2025-09-03T23:49:14.468916,n tS eg —_ > : Se = J © f - “ el 4,False
2025-09-03T23:49:15.134420,1 { \ o Sa A 2; \ } & : ” Es ¥ { my a. ne a | ;,False
2025-09-03T23:49:15.737309,~ te,False
2025-09-03T23:49:16.428268,"— ee “a, Ss i 5 oe ' : | { \ é 3 % ae ae { \ f, ‘ ‘ S SS ee = nen =o",False
2025-09-03T23:49:16.999276,|,False
2025-09-03T23:49:17.650316,Hy { \ 4 £,False
2025-09-03T23:49:18.185516,cy a,False
2025-09-03T23:49:18.832572,HELLO Se aale,True
2025-09-03T23:49:20.337941,iy.,False
2025-09-03T23:49:21.062650,He) | Om elie Soci = cae Si ate &,False
2025-09-03T23:49:21.634162,"HELLO iin & 7, fT | | Fi >",True
2025-09-03T23:49:22.062344,HELLO ers G | ace. | } 3,True
2025-09-03T23:49:22.539914,RELL G oi,False
2025-09-03T23:49:23.100570,"HE CLS AB a , eet ee ; = > { \ \ 2",False
2025-09-03T23:49:23.748297,HELLO 2;,True
2025-09-03T23:49:24.280581,". 3 iw, oe t ey",False
2025-09-03T23:49:24.972353,"i rk A | ) : eee = ’ ‘are 3 : ; I ay ve 3 | _—, Zz < i _ er — SS",False
2025-09-03T23:49:25.604782,"¥ % : : % . a y | ; 4 ta ; a of ""i 4 = ee pan Eas _",False
2025-09-03T23:49:26.227237,ms R y of Vey £ (4 / iM” ot c os sal,False
2025-09-03T23:49:26.842725,"i ‘ ‘ % "" ¢h | ae o n= Me ’ a af ‘) . aw id ¥ . } A, a! ae aA Tall 4° q ~~ ng v i _ 1 ? VJ SS eS",False
2025-09-03T23:49:27.418281,i 4 +f tw \ ' % “¥ ‘y att,False
2025-09-03T23:49:27.953781,: . il a,False
2025-09-03T23:49:28.460260,;,False
2025-09-03T23:49:29.165066,Y,False
2025-09-03T23:49:30.225914,£ |,False
2025-09-03T23:49:31.162943,a,False
2025-09-03T23:49:31.802382,“ i . ¥ of ‘,False
2025-09-03T23:49:32.613817,""" a Zs",False
2025-09-03T23:49:33.461302,2 |,False
2025-09-03T23:49:34.213193,"wo =a, : ay j * “* i a t",False
2025-09-03T23:49:35.078217,"se 7. ,",False
2025-09-03T23:49:35.618094,"- , & t .",False
2025-09-03T23:49:36.110897,,False
2025-09-03T23:49:36.838712,,False
2025-09-03T23:49:37.873187,ft |,False
2025-09-03T23:49:38.535646,", al . ra ; af"" 1",False
2025-09-03T23:49:39.146928,,False
2025-09-03T23:49:40.070992,cf x f,False
2025-09-03T23:49:41.239912,£ |,False
2025-09-03T23:49:41.979878,-— + 7 = 7 on,False
2025-09-03T23:49:42.906046,2 |,False
2025-09-03T23:49:43.345839,,False
2025-09-03T23:49:44.108370,iS |,False
2025-09-03T23:49:45.219281,2,False
2025-09-03T23:49:45.989661,2 |,False
2025-09-03T23:49:46.865775,i,False
2025-09-03T23:49:47.856904,| 7”. se :,False
2025-09-03T23:49:48.716646,2 |,False
2025-09-03T23:49:49.308226,a: ¥ ~ * % :,False
2025-09-03T23:49:50.054696,is ' i,False
2025-09-03T23:49:51.142844,ie |,False
2025-09-03T23:49:52.200235,2 |,False
2025-09-03T23:49:53.135079,\@ |,False
2025-09-03T23:49:53.880629,QC =~ : _.,False
2025-09-03T23:49:54.731202,fe |,False
2025-09-03T23:49:55.647472,2 |,False
2025-09-03T23:49:56.468123,Lo |,False
2025-09-03T23:49:57.607665,Le |,False
2025-09-03T23:49:58.475854,Le |,False
2025-09-03T23:49:59.446990,Le |,False
2025-09-03T23:50:00.268048,@ |,False
2025-09-03T23:50:01.109943,e |,False
2025-09-03T23:50:02.105803,2 |,False
2025-09-03T23:50:03.008786,2 |,False
2025-09-03T23:50:03.952415,2 |,False
2025-09-03T23:50:04.804187,ie,False
2025-09-03T23:50:05.892294,ie i,False
2025-09-03T23:50:06.810352,io,False
2025-09-03T23:50:07.815203,ie,False
2025-09-03T23:50:08.766609,iS,False
2025-09-03T23:50:09.825981,ie,False
2025-09-03T23:50:10.687097,iS,False
2025-09-03T23:50:11.688575,i. |,False
2025-09-03T23:50:12.548086,iS,False
2025-09-03T23:50:13.686107,S|,False
2025-09-03T23:50:14.585783,eS,False
2025-09-03T23:50:15.487706,se,False
2025-09-03T23:50:16.277607,i.,False
2025-09-03T23:50:17.182534,SC,False
2025-09-03T23:50:18.069475,SC,False
2025-09-03T23:50:19.027532,Sl,False
2025-09-03T23:50:20.003733,iS,False
2025-09-03T23:50:20.907351,S|,False
2025-09-03T23:50:21.802495,si,False
2025-09-03T23:50:22.840016,2,False
2025-09-03T23:50:23.808118,se,False
2025-09-03T23:50:24.858830,se,False
2025-09-03T23:50:25.814539,se,False
2025-09-03T23:50:26.826729,SS,False
2025-09-03T23:50:27.894310,J |,False
2025-09-03T23:50:28.799340,,False
2025-09-03T23:50:29.880914,2 |,False
2025-09-03T23:50:30.727224,2,False
2025-09-03T23:50:31.379523,,False
2025-09-03T23:50:32.464115,ry ia e e,False
2025-09-03T23:50:33.576682,- “ :,False
2025-09-03T23:50:35.110330,2 |,False
2025-09-03T23:50:35.774649,’ e,False
2025-09-03T23:50:36.736610,2,False
2025-09-03T23:50:37.563354,,False
2025-09-03T23:50:38.636186,S |,False
2025-09-03T23:50:39.500856,,False
2025-09-03T23:50:40.506044,a. |,False
2025-09-03T23:50:41.491281,ft |,False
2025-09-03T23:50:42.286328,~~ t : . B & = 3 » - -w,False
2025-09-03T23:50:42.970448,in,False
2025-09-03T23:50:43.982658,"-_- = : ~ j - ee tes _*% : nis, a a aie Pg",False
2025-09-03T23:50:45.191975,ff |,False
2025-09-03T23:50:46.441873,Sf |,False
2025-09-03T23:50:47.363074,— ty ’ oe sea a ae ; ae ae ol ] ~ iia ed tal oe a *,False
2025-09-03T23:50:48.294483,—,False
2025-09-03T23:50:49.290416,;,False
2025-09-03T23:50:50.169894,"*, — ~ sie — _ ie ~",False
2025-09-03T23:50:50.962227,a ae = ’ ra —y } ee,False
2025-09-03T23:50:51.780753,we ae . os. t * _——,False
2025-09-03T23:50:52.470963,% . —— 4 » ee,False
2025-09-03T23:50:53.237457,i : : <l < pan | f =,False
2025-09-03T23:50:54.018098,"i anit: oor — i 1 on ‘ a ,",False
2025-09-03T23:50:54.718900,i ap —>,False
2025-09-03T23:50:55.898959,‘ as = 4 7s.,False
2025-09-03T23:50:56.533377,"<a Bi = *~ aa , Se ete",False
2025-09-03T23:50:57.365596,aa Pi ® Se . aa,False
2025-09-03T23:50:58.083416,es a eS ),False
2025-09-03T23:50:58.696884,=,False
2025-09-03T23:50:59.436275,"P, — ia i * = 3",False
2025-09-03T23:51:00.175104,a “ae — ——_ :,False
2025-09-03T23:51:00.903454,‘ 7s,False
2025-09-03T23:51:01.672137,2 ~~ —_— it oS > A ‘ ’ a Tete,False
2025-09-03T23:51:02.448075,- ena —e } : ce = =,False
2025-09-03T23:51:03.175775,"| # Br. f= . ,",False
2025-09-03T23:51:03.999350,z a — F aa v J,False
2025-09-03T23:51:04.718970,: = rin F Es,False
2025-09-03T23:51:05.714201,Le,False
2025-09-03T23:51:06.373827,ee p _— a .,False
2025-09-03T23:51:07.189273,= ’ — : Se —_— pe ye Be en ae ote,False
2025-09-03T23:51:07.982046,na a — =—2 — : | j eas.. _ -,False
2025-09-03T23:51:08.713187,,False
2025-09-03T23:51:09.469271,a ‘See _ an ; a,False
2025-09-03T23:51:10.188519,os ae My ba : 4,False
2025-09-03T23:51:10.870389,i 3 = Nas z 4,False
2025-09-03T23:51:11.649787,= — es au > - haa a,False
2025-09-03T23:51:12.522265,: — fia =  — “ =,False
2025-09-03T23:51:13.508151,* of ri — 4,False
2025-09-03T23:51:14.239406,iad 24 P all —_ a = ed vy,False
2025-09-03T23:51:15.038413,+ bs io 4 _ ————,False
2025-09-03T23:51:15.951664,: 7 = —_— has i A ' . ae a ne,False
2025-09-03T23:51:16.714897,be =z = = ™ . =e : | =,False
2025-09-03T23:51:17.549495,"Tah F < é — SS , as y le eS",False
2025-09-03T23:51:18.247231,<i i a ‘ J a”,False
2025-09-03T23:51:18.951349,eer: ; “,False
2025-09-03T23:51:19.667505,"= -"" > “4 F =",False
2025-09-03T23:51:20.363837,"= a i oe "" —— ae, . om",False
2025-09-03T23:51:21.169186,+ ge ae = —y ' Ste x fe 2,False
2025-09-03T23:51:21.896822,aos es 4,False
2025-09-03T23:51:22.710016,,False
2025-09-03T23:51:23.667095,at a _ fo - => 4,False
2025-09-03T23:51:24.294559,"as , - oo:",False
2025-09-03T23:51:25.056842,roe at a } =,False
2025-09-03T23:51:25.793572,ae Wie 3 ‘,False
2025-09-03T23:51:26.473569,i — : ¢ =a k ‘,False
2025-09-03T23:51:27.409714,a a — ae a d ‘ ss _ stig il,False
2025-09-03T23:51:28.062636,= = a ' ; ees,False
2025-09-03T23:51:29.103646,isi ‘a Bor = oa 4 - 7 3 {,False
2025-09-03T23:51:29.819267,a : f e ae . _ od ae,False
2025-09-03T23:51:30.557465,: = a = ‘ = es,False
2025-09-03T23:51:31.285615,* = — * an 4 ee . : 4 oe,False
2025-09-03T23:51:31.983367,"* Ee, . a: iced",False
2025-09-03T23:51:32.866445,"E = — cies . ce a <,",False
2025-09-03T23:51:33.673515,: a aa ’ “ —S ae a,False
2025-09-03T23:51:34.469764,= ’ - ea -,False
2025-09-03T23:51:35.318567,,False
2025-09-03T23:51:36.506523,nm = : = 2 Be ati > =e : d a,False
2025-09-03T23:51:37.937308,= es a * i oo ee 4,False
2025-09-03T23:51:39.228797,Re i ’,False
2025-09-03T23:51:40.044563,"f ” ae a 4 [ae ' ""ea eS ak as ae ™ a",False
2025-09-03T23:51:41.214759,"a ss % ig ~~ <= ; —— """,False
2025-09-03T23:51:42.048449,ee F 4 =,False
2025-09-03T23:51:43.161787,= — ae = aa \ a ts ” ” ”,False
2025-09-03T23:51:44.008671,"iad , * el ——— :",False
2025-09-03T23:51:44.774742,4 =e - = :,False
2025-09-03T23:51:45.556073,"pai x =a : a , SS ae",False
2025-09-03T23:51:46.460340,Be: i j i eae. be P 4 ee » a val 4 ae = wien s a,False
2025-09-03T23:51:47.240549,P — —,False
2025-09-03T23:51:48.020317,oe iy 7 re ae = Daa”,False
2025-09-03T23:51:48.751818,<i 7 ‘ a a bh i ? Fo oF ps,False
2025-09-03T23:51:49.455913,vail = = eG a,False
2025-09-03T23:51:50.371901,z = = 3 = 2 = ae oo ae e,False
2025-09-03T23:51:51.204126,‘> ed aeeale SSS ee a,False
2025-09-03T23:51:52.085002,Pt ae <a = a i,False
2025-09-03T23:51:52.914016,"5 Pe “= — os © ,",False
2025-09-03T23:51:53.709652,sa = = ’ . si at a,False
2025-09-03T23:51:54.648826,"oa & & — “Lan } i, . ba a aaa aad Se Pa",False
2025-09-03T23:51:55.387897,Ps ~ <* a ie,False
2025-09-03T23:51:56.158385,— ae ‘ ee es i ' . _—- 7 aie a i Se ee,False
2025-09-03T23:51:56.952160,oe ra = a ea,False
2025-09-03T23:51:57.908294,&,False
2025-09-03T23:51:58.605902,E oe E,False
2025-09-03T23:51:59.281143,= — = \ 3,False
2025-09-03T23:51:59.939851,Ee ™ sua \ . e . 4 eT ae ',False
2025-09-03T23:52:00.692923,"as = ~ ae "" .",False
2025-09-03T23:52:01.626879,oy % a A a — = 1 = aad ; alia =. - “4 er ae — ge ee,False
2025-09-03T23:52:02.421532,"a : 2 ce , —— 4 : ae aa eg. te cs",False
2025-09-03T23:52:03.230404,ae a a = —= > : ‘ eae,False
2025-09-03T23:52:03.935657,a Be ~ a ae,False
2025-09-03T23:52:04.851124,a —_ ad } 7 * aie 4 _ - ee,False
2025-09-03T23:52:05.664931,: _ ae = Donate og . } ee: ooo -_,False
2025-09-03T23:52:06.456026,"{ ie z ~ an 1. is . “""",False
2025-09-03T23:52:07.253274,4 J “4,False
2025-09-03T23:52:07.922001,al ag a ’ s =,False
2025-09-03T23:52:08.913434,= ab er — } peas. - ’ 3 ee: = es,False
2025-09-03T23:52:10.174964,. a aug an — .—_— *,False
2025-09-03T23:52:11.058912,"Be, , cia ~ """,False
2025-09-03T23:52:11.770493,"a “— SS "" == ——— = cual",False
2025-09-03T23:52:12.357166,“4 ae . ee 5 4 a ae . = a oa ; .,False
2025-09-03T23:52:13.099020,ame” as — Sas ; = ie ; ; 2 : = A ae. te bee Sa,False
2025-09-03T23:52:13.775465,ay . za = Dag . > a : aid —,False
2025-09-03T23:52:14.450617,of : “ a ie a od,False
2025-09-03T23:52:15.123386,"ag a x i F, ket a tee",False
2025-09-03T23:52:15.830670,e 22a <5 cm acai eal ae ee,False
2025-09-03T23:52:16.441830,x a - Sa ae a,False
2025-09-03T23:52:17.038864,Bos ae = a i . » ; a,False
2025-09-03T23:52:17.902402,2 any -,False
2025-09-03T23:52:18.833856,"i = — = ae ge ‘ "" i , 4 awa 1% bile",False
2025-09-03T23:52:19.613245,rater j aa % ere,False
2025-09-03T23:52:20.172710,= i Pee Peas) aa,False
2025-09-03T23:52:20.852816,- = — he =,False
2025-09-03T23:52:21.639659,; =e & * ae —_— eS . a ~ 4 a A -,False
2025-09-03T23:52:22.275856,Re * BE. # a» ey ~ J —— _ 3 = 4 = -_,False
2025-09-03T23:52:22.970829,. ee: - a ao a ar oe aie am 5 nga onl,False
2025-09-03T23:52:23.614731,>) * — a § am a 4 ee - a ee :,False
2025-09-03T23:52:24.298897,% - Pe : =a % =i 4 i — = ; . ] : 4 i eer,False
2025-09-03T23:52:25.085289,ae 2 - iP 7 a _— = z,False
2025-09-03T23:52:25.753553,_ xa 2s os os”. nl,False
2025-09-03T23:52:26.312428,pea ine aot i .,False
2025-09-03T23:52:27.008705,= ca an oe od * <a 7,False
2025-09-03T23:52:27.645495,e = 4 Sere q ae “4 Sk ae,False
2025-09-03T23:52:28.265050,"wel i. Ee * —_ Se , a - es = -",False
2025-09-03T23:52:29.010808,a: _~ = let < - ’,False
2025-09-03T23:52:29.786692,ry. ie oa a ss a a “a7 Pg 4,False
2025-09-03T23:52:30.302562,= ~ = »,False
2025-09-03T23:52:30.980025,pa aa a 4 = = a Fi . - ‘ oe a,False
2025-09-03T23:52:31.651089,"4 ,- ied bee 4 } “— E",False
2025-09-03T23:52:32.260065,,False
2025-09-03T23:52:32.942148,vi 5 oy cae #4 A he st = - :,False
2025-09-03T23:52:33.654561,a > os — > ae eer 9,False
2025-09-03T23:52:34.290954,a 4 F ge 7 .,False
2025-09-03T23:52:34.923817,a3,False
2025-09-03T23:52:35.520760,Bs = ee i.) 4,False
2025-09-03T23:52:36.199583,"a 4) Ps a"", —_— a K ‘s sie = - 4 re EP ti a i aS",False
2025-09-03T23:52:36.731888,"+ ey : > ..<—_ """,False
2025-09-03T23:52:37.432905,ae 4 = eee ee “eg ‘ i,False
2025-09-03T23:52:38.032249,= ae oe,False
2025-09-03T23:52:38.698318,_ oa =~ “,False
2025-09-03T23:52:39.310406,: a a,False
2025-09-03T23:52:39.986531,aa aa = — [a = a : =,False
2025-09-03T23:52:40.646204,a —— 4 Spee,False
2025-09-03T23:52:41.286104,"— = ,",False
2025-09-03T23:52:41.845677,"ss a be a xe b= — . ea,",False
2025-09-03T23:52:42.573292,ie a oa .—— : : cee Dice can,False
2025-09-03T23:52:43.202500,a > es,False
2025-09-03T23:52:43.841640,ee ta ie 2 a J,False
2025-09-03T23:52:44.430610,3 fs es = ge,False
2025-09-03T23:52:45.123936,om on ’ a ae - { ge at,False
2025-09-03T23:52:45.851231,a 5 = « . came a) 7 - Ios J re,False
2025-09-03T23:52:46.458686,a Si,False
2025-09-03T23:52:47.031789,<a a = : eS ee A,False
2025-09-03T23:52:47.617698,<a J = ‘,False
2025-09-03T23:52:48.231946,be,False
2025-09-03T23:52:49.187840,- Ba = = ec ——— a “,False
2025-09-03T23:52:49.811365,"+= ¥ eine, *",False
2025-09-03T23:52:50.457709,"fe F sae . = — + , = P",False
2025-09-03T23:52:51.236915,i= 7,False
2025-09-03T23:52:51.949913,"4 ="" — F “ a a ; er ote",False
2025-09-03T23:52:52.517965,,False
2025-09-03T23:52:53.215947,i ull eee ar ‘ =a Be 2 ae ee,False
2025-09-03T23:52:53.854681,EB a a er —_,False
2025-09-03T23:52:54.491900,ae 3 » va : =,False
2025-09-03T23:52:55.114373,a ‘ A . att i,False
2025-09-03T23:52:55.747338,> a —— ae J . ee,False
2025-09-03T23:52:56.427172,a s,False
2025-09-03T23:52:57.060435,E et say = a Poe —— os > a 4 SS a,False
2025-09-03T23:52:57.828276,ae 2 4,False
2025-09-03T23:52:58.676905,ee ee i a,False
2025-09-03T23:52:59.374064,a” a € —a = aa,False
2025-09-03T23:53:00.081281,ef = >. eee st,False
2025-09-03T23:53:00.638101,: = <a =,False
2025-09-03T23:53:01.321080,= ~ 4 — a — %,False
2025-09-03T23:53:01.889819,Pe a = J 4 <2,False
2025-09-03T23:53:02.532341,<ee « » a aa ;,False
2025-09-03T23:53:03.195524,a 4 = ‘. o —,False
2025-09-03T23:53:03.800184,"ES a ,",False
2025-09-03T23:53:04.451461,Ea m uz ee Vj ea,False
2025-09-03T23:53:05.054244,> 7 —_— an 4,False
2025-09-03T23:53:05.786771,"1: H Me ==, — =a  _ 4",False
2025-09-03T23:53:06.426735,a a,False
2025-09-03T23:53:07.086496,ta bam eee ' aa. = | a ie,False
2025-09-03T23:53:07.683377,Pe = ... Sas Pei a,False
2025-09-03T23:53:08.385391,"as "" ag Pa ee ae - 4 ae",False
2025-09-03T23:53:09.004459,"a a ,",False
2025-09-03T23:53:09.647047,a = i a aa ae oe ae a 32 i,False
2025-09-03T23:53:10.279874,= —,False
2025-09-03T23:53:10.967933,_ i. a . +,False
2025-09-03T23:53:11.800506,"= ~ ae _ a eer —_ "" ss",False
2025-09-03T23:53:12.699373,hoa » s ‘ 4 be oats nd are . j + Aa,False
2025-09-03T23:53:13.685393,"ie Fl * ; - , Bs L/ eS am 7",False
2025-09-03T23:53:14.605162,"¢ Ls = 3 —s a cated ; ~ 2) eee eed q Stage eh, hia tg aioe. =",False
2025-09-03T23:53:15.260617,4 ¥ t é. 3 wot Oiled a eee ~ 4,False
2025-09-03T23:53:15.926919,,False
2025-09-03T23:53:16.800225,- = ¢ ;,False
2025-09-03T23:53:17.626689,"& _"" ; i ¢ ’ a",False
2025-09-03T23:53:18.294479,& | * & Yad al ae a 4 * we %,False
2025-09-03T23:53:18.933246,fe r »,False
2025-09-03T23:53:19.718215,\ . » ; ' “a ” E,False
2025-09-03T23:53:20.796785,@ |,False
2025-09-03T23:53:21.433857,"® -""",False
2025-09-03T23:53:22.129546,',False
2025-09-03T23:53:22.713162,,False
2025-09-03T23:53:23.435560,@¢ \,False
2025-09-03T23:53:24.141048,' @,False
2025-09-03T23:53:25.130071,,False
2025-09-03T23:53:26.285744,@ |,False
2025-09-03T23:53:27.202263,ie 70 — oe % : ' er a _— * a ge -,False
2025-09-03T23:53:27.824699,,False
2025-09-03T23:53:28.673614,", i. - * 1 3 _ on. = a E.",False
2025-09-03T23:53:29.457054,a es a ee 4 1S a — ae,False
2025-09-03T23:53:30.211961,"‘a ‘ x 7 ——"" J en i ces ;",False
2025-09-03T23:53:31.042261,é ms ws.,False
2025-09-03T23:53:31.807307,"= > a, an laa BS",False
2025-09-03T23:53:32.605720,| «,False
2025-09-03T23:53:33.708060,io = J ae ‘. ae ae a,False
2025-09-03T23:53:34.559633,= on | =,False
2025-09-03T23:53:35.159353,a ae a = EP ;,False
2025-09-03T23:53:35.961532,es a A — d ss ;,False
2025-09-03T23:53:36.788234,"a4 ca _— "" . 4 Ses. a Is",False
2025-09-03T23:53:37.436609,a bap = <a q vee a waa,False
2025-09-03T23:53:38.241798,* a _ iM — p ae = = ee:,False
2025-09-03T23:53:38.956031,= % so E,False
2025-09-03T23:53:39.752951,ms = 4,False
2025-09-03T23:53:40.548156,oe ee ._—— | =e eit. ae sia,False
2025-09-03T23:53:41.385592,ae g te. — =e,False
2025-09-03T23:53:42.154251,= a = - a mgr,False
2025-09-03T23:53:42.900518,"- ae ie eed ae, i _ a é",False
2025-09-03T23:53:43.683309,: a =.,False
2025-09-03T23:53:44.542266,a - ie sd . ss,False
2025-09-03T23:53:45.492545,Bi j we | : a = = —_— = ‘ =a “i 2 a ——_,False
2025-09-03T23:53:46.255491,; a,False
2025-09-03T23:53:47.026205,"i , E — a. 1",False
2025-09-03T23:53:47.959288,", a 2s , ia =— 7 ae",False
2025-09-03T23:53:48.707704,Pa aie == ™,False
2025-09-03T23:53:49.513609,S “ b 2:,False
2025-09-03T23:53:50.335808,= x a rie 5 a a,False
2025-09-03T23:53:51.104656,a =,False
2025-09-03T23:53:51.947015,ss i —_ = A — -,False
2025-09-03T23:53:52.841613,a =F < — * ies Be set,False
2025-09-03T23:53:53.639508,a er. <2 j i _———ae,False
2025-09-03T23:53:54.454797,_* a > a . Moat =i oe : <a | ee = i ig >,False
2025-09-03T23:53:55.203735,<j aed a am : bs oa ;,False
2025-09-03T23:53:56.032895,"ee = a, eee.",False
2025-09-03T23:53:56.761779,a 2 a aaa — ; A =,False
2025-09-03T23:53:57.638868,Z f ‘= <= aire Be : — a,False
2025-09-03T23:53:58.414106,g A i: — ea Sik: a ’ ee es ii ave :,False
2025-09-03T23:53:59.233981,. : = \i—— ’,False
2025-09-03T23:54:00.040626,= q ity ; Se ut An aa > a  —,False
2025-09-03T23:54:01.019740,3 a ee =a = i | a,False
2025-09-03T23:54:01.897756,; m eu no 4q es od ” eal,False
2025-09-03T23:54:02.600822,"ts ral ei. ,",False
2025-09-03T23:54:03.262577,= 2 2. itl,False
2025-09-03T23:54:04.031619,; Pe Je x = —— =,False
2025-09-03T23:54:04.776309,= — = £4 1,False
2025-09-03T23:54:05.480899,es 4,False
2025-09-03T23:54:06.341819,“Se a i a _ ; | ee ae a an,False
2025-09-03T23:54:07.067906,i Bees J,False
2025-09-03T23:54:07.863284,oe 5 ¥ “= ‘ art,False
2025-09-03T23:54:08.588006,¢ : — Be — : = ' ot - i r,False
2025-09-03T23:54:09.339493,or ae,False
2025-09-03T23:54:10.050818,7 by: eS at - es,False
2025-09-03T23:54:10.796837,— 7 ces 1_— fi a “ bs,False
2025-09-03T23:54:11.594282,; a . 7 en,False
2025-09-03T23:54:12.307324,é — = =,False
2025-09-03T23:54:13.155889,‘ ; a + wee = pe 4 ar 7 sal,False
2025-09-03T23:54:14.109357,id - ~ S as 7a 4 ” = ; ae > Dae,False
2025-09-03T23:54:14.806936,. + ¥ i],False
2025-09-04T00:04:20.589363,,False
2025-09-04T00:04:21.472669,+ i “— = i : oa a = 2 AS ies =,False
2025-09-04T00:04:22.064082,q,False
2025-09-04T00:04:22.747109,= q aii eat 4 Se,False
2025-09-04T00:04:23.278829,* q H £ 4 » ; | 3 er * - : i eee : = ww,False
2025-09-04T00:04:23.830925,— f~ Re HELE O aes —— iy -N,False
2025-09-04T00:04:24.446915,ne ; 2 ’ 1c = pe,False
2025-09-04T00:04:25.193302,"4 aan ek A Fane, | =: — ~ 8 L Lt YX P F ai",False
2025-09-04T00:04:25.921763,— \,False
2025-09-04T00:04:26.458091,~~ fa,False
2025-09-04T00:04:26.912795,We Ls,False
2025-09-04T00:04:27.466428,yi ~ !,False
2025-09-04T00:04:28.254280,eg,False
2025-09-04T00:04:29.155812,|i,False
2025-09-04T00:04:29.775409,3 Hf Cc Pood | |,False
2025-09-04T00:04:30.356846,HELLO —— Pr FS : “_ <2 2,True
2025-09-04T00:09:57.352145,- i 4 i ¥ H ee = i A a = : of,False
2025-09-04T00:09:58.006370,oe i. a ¥ Z a,False
2025-09-04T00:09:58.778768,|,False
2025-09-04T00:09:59.368542,x P ¢€ poe,False
2025-09-04T00:10:00.239561,@ |,False
2025-09-04T00:10:00.916573,@},False
2025-09-04T00:10:01.602357,|,False
2025-09-04T00:10:02.189698,@},False
2025-09-04T00:10:02.780635,@ |,False
2025-09-04T00:10:03.229368,,False
2025-09-04T00:10:03.738939,,False
2025-09-04T00:10:04.467432,@ |,False
2025-09-04T00:10:05.134372,el,False
2025-09-04T00:10:05.758747,el,False
2025-09-04T00:10:06.185266,,False
2025-09-04T00:10:06.875514,@ |,False
2025-09-04T00:10:07.451087,,False
2025-09-04T00:10:08.157652,el,False
2025-09-04T00:10:08.634721,,False
2025-09-04T00:10:09.282802,@ |,False
2025-09-04T00:10:10.040012,@ |,False
2025-09-04T00:10:10.590174,& =? 4 ¢€é,False
2025-09-04T00:10:11.228945,@},False
2025-09-04T00:10:11.620059,,False
2025-09-04T00:10:12.058050,"oe = j """,False
2025-09-04T00:10:12.528502,,False
2025-09-04T00:10:13.054050,,False
2025-09-04T00:10:13.539789,,False
2025-09-04T00:10:14.016963,,False
2025-09-04T00:10:14.659699,@ |,False
2025-09-04T00:10:15.119127,\- 4 4,False
2025-09-04T00:10:15.582138,* “e : et aS a,False
2025-09-04T00:10:16.336728,@ |,False
2025-09-04T00:10:17.175220,@ |,False
2025-09-04T00:10:17.905800,-_— —_ ee ae . = A 3 4 = q 2.,False
2025-09-04T00:10:18.597325,@ |,False
2025-09-04T00:10:19.233190,@ |,False
2025-09-04T00:10:19.879838,@ |,False
2025-09-04T00:10:20.473061,; 2 me ¢,False
2025-09-04T00:10:21.044584,- — = “ * ~ :,False
2025-09-04T00:10:21.781030,- },False
2025-09-04T00:10:22.539495,@ |,False
2025-09-04T00:10:23.009796,~ ~ 3,False
2025-09-04T00:10:23.441479,i be <_<,False
2025-09-04T00:10:23.943000,"i : = 2 = Mg,",False
2025-09-04T00:10:24.744362,@ |,False
2025-09-04T00:10:25.265521,77 ¥ eS,False
2025-09-04T00:10:25.695274,; : t eg ton,False
2025-09-04T00:10:26.079807,,False
2025-09-04T00:10:26.666673,wy Fi ‘ ’ os rs «9 a,False
2025-09-04T00:10:27.227265,% a) _ _ _ _ — — c| # - =,False
2025-09-04T00:10:27.894779,@ |,False
2025-09-04T00:10:28.651208,@ |,False
2025-09-04T00:10:29.297163,@ |,False
2025-09-04T00:10:29.823288,od 4,False
2025-09-04T00:10:30.468573,e |,False
2025-09-04T00:10:31.186671,ee |,False
2025-09-04T00:10:31.845427,@ |,False
2025-09-04T00:10:32.537433,@ |,False
2025-09-04T00:10:33.058579,¢,False
2025-09-04T00:10:33.861369,@ |,False
2025-09-04T00:10:34.618966,re,False
2025-09-04T00:10:35.163553,,False
2025-09-04T00:10:35.811327,@ |,False
2025-09-04T00:10:36.230674,= = .,False
2025-09-04T00:10:36.887568,ry i : _,False
2025-09-04T00:10:37.543612,pl,False
2025-09-04T00:10:38.270339,""" tm is —— 3 _? ~ po",False
2025-09-04T00:10:38.829510,"—— 7 7 cant , ae. o>,",False
2025-09-04T00:10:39.599206,. Sa “A j aie,False
2025-09-04T00:10:40.067617,,False
2025-09-04T00:10:40.617378,‘ —_— a i,False
2025-09-04T00:10:41.383894,—,False
2025-09-04T00:10:42.228393,—_,False
2025-09-04T00:10:42.813029,HE EL @) 7,False
2025-09-04T00:10:43.414111,HE Leo ee. \ i | \ 2 \ | Vs y cay,False
2025-09-04T00:10:43.971253,HE LL ‘@) et | pon <a | 4 \ et iat \ ! = oem: (0 | J) ‘elie i,False
2025-09-04T00:10:44.473160,HE ERS ee \ “.,False
2025-09-04T00:10:45.112014,HE LEO ote | ae ae } \ =,False
2025-09-04T00:10:45.624962,HE tit ©,False
2025-09-04T00:10:46.220601,HE LE @) ee | | 7 H a e ti},False
2025-09-04T00:10:46.633037,HE CL ©,False
2025-09-04T00:10:47.204832,HE Sa Ee ce or,False
2025-09-04T00:10:47.873765,aes: | ‘/ | \ | \ | 2 SS ‘eile | J.) TI,False
2025-09-04T00:10:48.655802,HELLO rt | | \ a \ \ \e 7“ 2 _ a S,True
2025-09-06T18:04:21.077532,: > cane - - a = ne . 7 > a — a ; a — 7 oa ae _— 3,False
2025-09-06T18:04:21.534776,,False
2025-09-06T18:04:21.837009,ad a. alate ce -. 4 _ 4,False
2025-09-06T18:04:22.137927,eo 5. Jae,False
2025-09-06T18:04:22.460767,ae Ps } S ES 9 4 | +,False
2025-09-06T18:04:22.822852,iS seen tid os ‘2 a J AN & a 4 “ss oe,False
2025-09-06T18:04:23.238347,"Pu a ee ae ae * en a ‘ a |], > 2 > “a , 4 Salita o- -  * nes : 2a 5; fe Ge co : >",False
2025-09-06T18:04:23.594250,bg » . a= ses ae ea 2 ~ ~ot Be 7 sit a’ ae ed PS Free 533 . E “Se ; Tt ae “,False
2025-09-06T18:04:23.894061,- - 4 . = ated —,False
2025-09-06T18:04:24.216112,eo ol 4 ra ed rae,False
2025-09-06T18:04:24.693147,"&- a ane ao ; < — At A ee - SF cr Rat. ae >. ti, ae 4 -_— a, J",False
2025-09-06T18:04:25.139798,"0 hl ee Pe : ng ee a a ~ eae at) . ee, * +e 8 — . > - cone i, - "" Fo * eee > iT SS ’ a 4 a ~ a &. rf, a ty, & = - LF =. ea",False
2025-09-06T18:04:25.521010,"4. a = Fo ee ; be ee ae 2 eee Me i"" ~ oe _ ee = ET a 5 _—< ~ Pre . . a 2 —S ce",False
2025-09-06T18:04:25.941036,,False
2025-09-06T18:04:26.247969,a. Se a ae: = cs oo ad > = ee = = = 63,False
2025-09-06T18:04:26.564091,é ? « <a a pos - : ce = ae en,False
2025-09-06T18:04:26.895405,¥. and = . v ae » a,False
2025-09-06T18:04:27.178546,M } om s er ™ ve 7 > @& 4 saat,False
2025-09-06T18:04:27.550958,“a 22.9 =e es 5 e =. Be z #2 —- ie. - _ Sa * ae < - > —— 4 ~ = _ ae — a 2,False
2025-09-06T18:04:27.836966,— “= ae a,False
2025-09-06T18:04:28.136893,al ae “oS eee 2 fe,False
2025-09-06T18:04:28.474431,. ae 2 ee Se ae ee <a ~ a ee = 4 .,False
2025-09-06T18:04:28.866344,= a ogee Pd Me ne Fg ae - r “> ers — Peau » ae SS = ane Bet. < a ~<a se eT ¥,False
2025-09-06T18:04:29.214478,se Be % ga % So = te eee et : - 5a Se ee ~~ 253 2 _,False
2025-09-06T18:04:29.527457,a = . =i - — ~ Sera ies Pe iy . ayer Bees in Se > ——,False
2025-09-06T18:04:29.861270,oe a = ae a? oy - a 9 * ees ee - ka = >. ;,False
2025-09-06T18:04:30.259258,"— oe ed <i + ES —_ se = « a tet a : = Bas : ae F le, r im 7 i ‘er z 4 ie cgieennare a a 2S",False
2025-09-06T18:04:30.644273,7 ar - = ae: : - ere ee -. ee ae ee == aoe = i = See”,False
2025-09-06T18:04:31.087424,".~ — a. . . 3 ee, 3 —* -_ = 7 ah eg aie - ae +. a o ~ ie age: ‘ a oe Ed omy",False
2025-09-06T18:04:31.585384,== 2223 eee ee ok oe re = Bee at .° ee : SS Se - «2 ee A Be. 6. a a re. * ~~ ee ede . ie B =a oe .,False
2025-09-06T18:04:31.941779,"a — ms Ee ote , * as ms = a id ey",False
2025-09-06T18:04:32.305842,pie ee oS Pe 4 = —-* oe . =: — — —=,False
2025-09-06T18:04:32.587546,od 4,False
2025-09-06T18:04:32.850349,"— E* 4 =""",False
2025-09-06T18:04:33.158270,7g a ba — a : = a oP = Soe la,False
2025-09-06T18:04:33.466222,a ae a = — a eo <7 .,False
2025-09-06T18:04:33.779213,— ae f= 5 xe “= ee F Bi 8 _ Pe oe 2 = = es.,False
2025-09-06T18:04:34.113589,". a= i, a am a a a a <a oa a © a . a a = Sag Aa fe “ 4",False
2025-09-06T18:04:34.464016,ey as Be — ea oe ine at a ~~ = oe = . ™ i,False
2025-09-06T18:04:34.789623,ar ine a _—- ~ i == =. co a gel aid a,False
2025-09-06T18:04:35.117087,4 ae =a “ a os ee 7 = a ae = z,False
2025-09-06T18:04:35.470720,"a 7 a ‘a cae 7 a a ee ee eas = z ,",False
2025-09-06T18:04:35.817595,"ea, ae . a as: “a a : a gh en, °",False
2025-09-06T18:04:36.164555,ri -2 Por ae ce ee 2. a :. a 7,False
2025-09-06T18:04:36.486172,72% =a an 3 = 4 ante a = Se «peg 5 Se =,False
2025-09-06T18:04:36.829525,— = Be ic — a as ey ae s 328 TS St... ee See gee ~,False
2025-09-06T18:04:37.146715,"a = peri ie, * gee — Se : ae “ ‘",False
2025-09-06T18:04:37.468413,Se coo” or = ey a aoe >. =,False
2025-09-06T18:04:37.786190,ee Bias hie “a + ie og eee ; ae,False
2025-09-06T18:04:38.061065,"Soe =e es,",False
2025-09-06T18:04:38.350980,Poe Pg > <2 ae ——<,False
2025-09-06T18:04:38.685740,ax “oa : aoe Seas vem 23 4 ae = ao as * = ;,False
2025-09-06T18:04:39.023774,"ee ees — a aa =, = 4",False
2025-09-06T18:04:39.291434,,False
2025-09-06T18:04:39.645090,a a 2° ee Oe ds pp a ca ee a es ce,False
2025-09-06T18:04:39.980001,ee it re ee a = Sie,False
2025-09-06T18:04:40.288304,ae pees Sicilia a > a ets “4,False
2025-09-06T18:04:40.574567,Ps == a ‘ — 7,False
2025-09-06T18:04:40.881567,oe ce = ss aes 3 te ne = | ee i,False
2025-09-06T18:04:41.212031,ar! oa i a Re on a ieee & ? eS oe ge 2 ee,False
2025-09-06T18:04:41.500968,So =e no == road ae a,False
2025-09-06T18:04:41.779291,"i, ; % - na rae",False
2025-09-06T18:04:42.114555,es,False
2025-09-06T18:04:42.448208,"am,",False
2025-09-06T18:04:42.777973,=: (at,False
2025-09-06T18:04:43.048089,>,False
2025-09-06T18:04:43.338123,"ys,",False
2025-09-06T18:04:43.622481,a>,False
2025-09-06T18:04:43.957755,MT,False
2025-09-06T18:04:44.225564,:,False
2025-09-06T18:04:44.491146,,False
2025-09-06T18:04:44.809651,4 'Y OJISHS,False
2025-09-06T18:04:45.168259,nih,False
2025-09-06T18:04:45.487643,» | p li no,False
2025-09-06T18:04:45.766019,ONS 4,False
2025-09-06T18:04:46.066383,4 ONY,False
2025-09-06T18:04:46.388540,A 5 HELLO OJISH,True
2025-09-06T18:08:57.248004,_ » ¢,False
2025-09-06T18:08:57.731822,',False
2025-09-06T18:08:58.172376,12-38 mS - Sea rete = ae - ee eee a a <a = Sa ee,False
2025-09-06T18:08:58.497190,,False
2025-09-06T18:08:58.869306,,False
2025-09-06T18:08:59.204880,— i — ae,False
2025-09-06T18:08:59.522927,,False
2025-09-06T18:08:59.868053,- =,False
2025-09-06T18:09:00.219223,y,False
2025-09-06T18:09:00.528958,,False
2025-09-06T18:09:00.849833,,False
2025-09-06T18:09:01.213660,,False
2025-09-06T18:09:01.593467,> ‘ ¥ —,False
2025-09-06T18:09:01.954826,,False
2025-09-06T18:09:02.352818,‘,False
2025-09-06T18:09:02.647322,,False
2025-09-06T18:09:02.955434,t : },False
2025-09-06T18:09:03.263565,,False
2025-09-06T18:09:03.572254,,False
2025-09-06T18:09:03.900502,£ vi cs ~~,False
2025-09-06T18:09:04.256113,"HELLO — | | a © | iz =: 2 ie,",True
2025-09-07T18:58:05.753285,-” WS,False
2025-09-07T18:58:06.540973,eae . ee Bem ei Sas! Eh. Nadal 7 aarti :,False
2025-09-07T18:58:07.245230,# poctoR\s™ eens SE aE. Tr . 343 A,False
2025-09-07T18:58:07.802477,"1 aad ="" > OCT Okt",False
2025-09-07T18:58:08.397798,ee rd a : n OS,False
2025-09-07T18:58:09.005753,Ee ——m ee S 3 a = <= i= Gener F aa WE ae eee .,False
2025-09-07T18:58:09.494616,,False
2025-09-07T18:58:09.924270,a < ee | ae:,False
2025-09-07T18:58:10.603924,Dy) OC aa Oo BEES. 2 ODA,False
2025-09-07T18:58:11.187116,Ht S Q SS s Ones . 2 O5aae - ; 3 mats _,False
2025-09-07T18:58:11.752947,0 i. Dae h,False
2025-09-07T18:58:12.412745,rc ' ei T ce 9 anew 4 5K ODM,False
2025-09-07T18:58:12.929710,ace | 2 Opa,False
2025-09-07T18:58:13.557814,D 07a eomem = |,False
2025-09-07T18:58:14.143498,HE ee,False
2025-09-07T18:58:14.876416,He \ ae )_\ - ‘ a 4,False
2025-09-07T18:58:15.485827,HE Ges UV OS weer :,False
2025-09-07T18:58:16.168389,——- es,False
2025-09-07T18:58:16.719262,"F —a eee a — F ~ ey, Ot 2 q",False
2025-09-07T18:58:17.317610,Hoe R Ons i,False
2025-09-07T18:58:17.999938,i =e ser aes,False
2025-09-07T18:58:18.600885,> 0,False
2025-09-07T18:58:19.175302,“a ESccea' \ Vo 4,False
2025-09-07T18:58:19.749607,Ss = Doe OR } Re ORG t,False
2025-09-07T18:58:20.283404,i,False
2025-09-07T18:58:21.015989,og ae = a anaes ROB i,False
2025-09-07T18:58:21.575773,ear,False
2025-09-07T18:58:22.153140,‘ss ~~ \ ~ 7,False
2025-09-07T18:58:22.836737,DIS aaa a a q,False
2025-09-07T18:58:23.408878,D0,False
2025-09-07T18:58:23.939983,,False
2025-09-07T18:58:24.530665,> } is) = wa 4 pate: |,False
2025-09-07T18:58:25.157734,| t= ‘tao ss HE ‘ oa ao. he i,False
2025-09-07T18:58:25.687932,00,False
2025-09-07T18:58:26.292725,"owe, = ""6 - {",False
2025-09-07T18:58:26.952579,,False
2025-09-07T18:58:27.537938,,False
2025-09-07T18:58:28.206437,DOC 2 OB ta,False
2025-09-07T18:58:28.780394,,False
2025-09-07T18:58:29.402311,"i : 7S 7 ae ; Se: { ‘o oma """,False
2025-09-07T18:58:29.949403,,False
2025-09-07T18:58:30.542458,‘eee s+,False
2025-09-07T18:58:31.062206,,False
2025-09-07T18:58:31.640344,,False
2025-09-07T18:58:32.373734,a = iaieaiiaa Bere” eS » oe ae ee aa > < ) ewse ii,False
2025-09-07T18:58:32.973279,D OC 2 Of t==,False
2025-09-07T18:58:33.677860,DOC reas * 0 BOS),False
2025-09-07T18:58:34.332761,| DOC 2 Ota,False
2025-09-07T18:58:34.898581,es : — i Sacre |,False
2025-09-07T18:58:35.482618,> 0 8a,False
2025-09-07T18:58:36.115039,DOCTOR 208 Cae,False
2025-09-07T18:58:36.774171,po 2 0 fn,False
2025-09-07T18:58:37.320085,| 00t=i- 2 08 Gala,False
2025-09-07T18:58:37.901815,| 00Ctzz™,False
2025-09-07T18:58:38.528096,Beas,False
2025-09-07T18:58:39.050695,,False
2025-09-07T18:58:39.669325,D0Ch 2 Of taa,False
2025-09-07T18:58:40.221251,| DoS,False
2025-09-07T18:58:40.728131,,False
2025-09-07T18:58:41.319322,DOC aa,False
2025-09-07T18:58:41.882890,DOC aaa,False
2025-09-07T18:58:42.479220,2 Oat,False
2025-09-07T18:58:43.001247,=,False
2025-09-07T18:58:43.586639,f=,False
2025-09-07T18:58:44.146602,2,False
2025-09-07T18:58:44.653670,gs:,False
2025-09-07T18:58:45.212086,¢,False
2025-09-07T18:58:45.795835,—,False
2025-09-07T18:58:46.390290,—-,False
2025-09-07T18:58:46.978659,—,False
2025-09-07T18:58:47.580708,—,False
2025-09-07T18:58:48.111046,,False
2025-09-07T18:58:48.679429,—,False
2025-09-07T18:58:49.291942,,False
2025-09-07T18:58:49.872873,_,False
2025-09-07T18:58:50.425236,—,False
2025-09-07T18:58:50.917981,,False
2025-09-07T18:58:51.464219,—,False
2025-09-07T18:58:51.939244,,False
2025-09-07T18:58:52.425515,,False
2025-09-07T18:58:52.937557,,False
2025-09-07T18:58:53.499387,—,False
2025-09-07T18:58:54.043789,_—,False
2025-09-07T18:58:54.577689,_,False
2025-09-07T18:58:55.043355,,False
2025-09-07T18:58:55.537157,,False
2025-09-07T18:58:56.062090,x 1 _ Aw,False
2025-09-07T18:58:56.536244,,False
2025-09-07T18:58:57.191719,"= | i 74 2.44""",False
2025-09-07T18:58:57.787983,Lit 1 f p OCT BRS},False
2025-09-07T18:58:58.369999,Ht thie,False
2025-09-07T18:58:58.876743,aR | Cy. | rf.,False
2025-09-07T18:58:59.370769,,False
2025-09-07T18:59:00.028769,D 0 C= |,False
2025-09-07T18:59:00.618092,> OCT iat ©: OR amaa :,False
2025-09-07T18:59:01.226038,~ a ee fe 6) B Ose i,False
2025-09-07T18:59:01.911372,4 EUS DOC ee i\,False
2025-09-07T18:59:02.512840,ee eer £ OBS,False
2025-09-07T18:59:03.064100,Heo,False
2025-09-07T18:59:03.738921,HE oS ae 0 az OS OSs,False
2025-09-07T18:59:04.276528,Ha,False
2025-09-07T18:59:04.797115,,False
2025-09-07T18:59:05.492432,| oa,False
2025-09-07T18:59:06.064374,§ Hiei : OB Sees,False
2025-09-07T18:59:06.743341,bn ts ~~ a a é HE 010,False
2025-09-07T18:59:07.329448,| eee gece: ; ORD,False
2025-09-07T18:59:08.007919,"oo ? ome oe a ad P 3 / mi , a i",False
2025-09-07T18:59:08.776657,ek pea ; = 3 LL — -~ =>: “ae i Uae ER sie ; i Dae Ve,False
2025-09-07T18:59:09.351330,5 on,False
2025-09-07T18:59:09.940630,,False
2025-09-07T18:59:10.509436,R OD Osea,False
2025-09-07T18:59:11.157099,"H ea = 6) BOs , as",False
2025-09-07T18:59:11.682938,,False
2025-09-07T18:59:12.283459,DI,False
2025-09-07T18:59:12.879516,He Gast D0:,False
2025-09-07T18:59:13.593443,: bits. oe Te D 0 CT i=,False
2025-09-07T18:59:14.167571,H RO BOS |,False
2025-09-07T18:59:14.721081,—o =,False
2025-09-07T18:59:15.343938,4. DOC £ OBS,False
2025-09-07T18:59:15.919835,aaa = ee Heo,False
2025-09-07T18:59:16.505464,eee. 2 < é \ cae 9 isa : 1 ae ~. ie,False
2025-09-07T18:59:17.055191,,False
2025-09-07T18:59:17.676043,Fes _ a=,False
2025-09-07T18:59:18.186575,,False
2025-09-07T18:59:18.749038,—,False
2025-09-07T18:59:19.228368,,False
2025-09-07T18:59:19.720486,,False
2025-09-07T18:59:20.230201,,False
2025-09-07T18:59:20.759745,— ©,False
2025-09-07T18:59:21.298510,-,False
2025-09-07T18:59:21.816240,,False
2025-09-07T18:59:22.331748,,False
2025-09-07T18:59:22.872388,—S,False
2025-09-07T18:59:23.440647,_,False
2025-09-07T18:59:24.229278,,False
2025-09-07T18:59:24.754935,,False
2025-09-07T18:59:25.293912,,False
2025-09-07T18:59:25.900307,“a >,False
2025-09-07T18:59:26.658433,rs > oe ? origi i amit a a aa mee & ee: —~ - G e a a ‘,False
2025-09-07T18:59:27.159037,\ ji pa,False
2025-09-07T18:59:27.637132,,False
2025-09-07T18:59:28.172352,,False
2025-09-07T18:59:28.763308,D OCS,False
2025-09-07T18:59:29.293158,= : - =a a 5 eo),False
2025-09-07T18:59:29.940490,a ae | 4 HE Coa D OSs OF »,False
2025-09-07T18:59:30.516105,— |,False
2025-09-07T18:59:31.075783,,False
2025-09-07T18:59:31.618062,D OCS,False
2025-09-07T18:59:32.141985,,False
2025-09-07T18:59:32.779676,HE or,False
2025-09-07T18:59:33.311321,a,False
2025-09-07T18:59:33.871291,", ie. > OC.",False
2025-09-07T18:59:34.379353,,False
2025-09-07T18:59:34.938739,ea a,False
2025-09-07T18:59:35.441245,,False
2025-09-07T18:59:35.970317,,False
2025-09-07T18:59:36.668082,ie,False
2025-09-07T18:59:37.167030,,False
2025-09-07T18:59:37.648593,z,False
2025-09-07T18:59:38.209377,,False
2025-09-07T18:59:38.705243,,False
2025-09-07T18:59:39.171867,,False
2025-09-07T18:59:39.645594,,False
2025-09-07T18:59:40.196283,,False
2025-09-07T18:59:40.713081,,False
2025-09-07T18:59:41.285151,,False
2025-09-07T18:59:41.820467,,False
2025-09-07T18:59:42.316683,,False
2025-09-07T18:59:42.795019,,False
2025-09-07T18:59:43.376298,2,False
2025-09-07T18:59:43.887486,,False
2025-09-07T18:59:44.451806,,False
2025-09-07T18:59:44.953682,4 4 a,False
2025-09-07T18:59:45.545417,,False
2025-09-07T18:59:46.185847,,False
2025-09-07T18:59:46.719215,,False
2025-09-07T18:59:47.222376,,False
2025-09-07T18:59:47.793387,,False
2025-09-07T18:59:48.328593,,False
2025-09-07T18:59:48.825397,= ;,False
2025-09-07T18:59:49.342418,,False
2025-09-07T18:59:49.897627,4 Se 2,False
2025-09-07T18:59:50.412405,tis B=,False
2025-09-07T18:59:50.930810,,False
2025-09-07T18:59:51.499206,Ka ie PS: Be,False
2025-09-07T18:59:52.060586,es,False
2025-09-07T18:59:52.678929,Ts,False
2025-09-07T18:59:53.326188,sor ONE T > Ss 2 4 tii Lich : ~ ail HeLs P Bs,False
2025-09-07T18:59:53.957744,ae ee — - ~<asiemineipaialingslll ma ee.,False
2025-09-07T18:59:54.568095,me,False
2025-09-07T18:59:55.108667,— eS,False
2025-09-07T18:59:55.626145,| ae,False
2025-09-07T18:59:56.122215,si Stes — ; a,False
2025-09-07T18:59:56.638605,,False
2025-09-07T18:59:57.197909,,False
2025-09-07T18:59:57.844029,"ae iin sina eee: i E ci , me on Rae - aati 7",False
2025-09-07T18:59:58.384685,,False
2025-09-07T18:59:58.969223,a omnia Me,False
2025-09-07T18:59:59.570504,EE TeX. ie.,False
2025-09-07T19:00:00.226410,~~ ce,False
2025-09-07T19:00:00.855468,meatier to — ee én Pe Po,False
2025-09-07T19:00:01.429754,—,False
2025-09-07T19:00:02.012903,Soe Lic =i 9 3 aa,False
2025-09-07T19:00:02.595184,,False
2025-09-07T19:00:03.186820,2 = ba z,False
2025-09-07T19:00:03.831175,a,False
2025-09-07T19:00:04.342303,— <,False
2025-09-07T19:00:04.869238,,False
2025-09-07T19:00:05.510478,a,False
2025-09-07T19:00:06.082788,“a mee S.,False
2025-09-07T19:00:06.649983,,False
2025-09-07T19:00:07.284745,el,False
2025-09-07T19:00:07.813742,t&,False
2025-09-07T19:00:08.570834,a,False
2025-09-07T19:00:09.094358,Fa f ~ 2 =,False
2025-09-07T19:00:09.579201,,False
2025-09-07T19:00:10.070349,,False
2025-09-07T19:00:10.545375,,False
2025-09-07T19:00:11.035347,,False
2025-09-07T19:00:11.534679,,False
2025-09-07T19:00:12.030119,,False
2025-09-07T19:00:12.603459,E “= - a as Sa,False
2025-09-07T19:00:13.130810,- V2 i oth,False
2025-09-07T19:00:13.657084,,False
2025-09-07T19:00:14.289920,"a2 Bae = ail ™, awe",False
2025-09-07T19:00:14.926032,ae ee x ae,False
2025-09-07T19:00:15.547577,aeons = - 7 on EPPS CTS CS a,False
2025-09-07T19:00:16.169683,ae HELLC : _\_ i ae >,False
2025-09-07T19:00:16.756599,ate a ayaue > er xe o,False
2025-09-07T19:00:17.262873,an ~,False
2025-09-07T19:00:17.828097,ae ~,False
2025-09-07T19:00:18.353635,,False
2025-09-07T19:00:18.918852,~~ ~,False
2025-09-07T19:00:19.689865,is il eee Beats ae,False
2025-09-07T19:00:20.258889,ae »,False
2025-09-07T19:00:20.782046,we ae $F >,False
2025-09-07T19:00:21.386136,(oo —~e i,False
2025-09-07T19:00:21.956401,i,False
2025-09-07T19:00:22.557560,aoe HEA we <a,False
2025-09-07T19:00:23.097972,~—aee >»,False
2025-09-07T19:00:23.652522,cz =,False
2025-09-07T19:00:24.173932,,False
2025-09-07T19:00:24.794508,a 1 yee »,False
2025-09-07T19:00:25.380046,eee eee >»,False
2025-09-07T19:00:25.950786,a: (7 ae,False
2025-09-07T19:00:26.477049,ae kemeee a,False
2025-09-07T19:00:27.057206,si ss ~ ae ™,False
2025-09-07T19:00:27.692198,eo a,False
2025-09-07T19:00:28.217750,,False
2025-09-07T19:00:28.803197,: — ~<a >,False
2025-09-07T19:00:29.364896,"withesis. rc ol So — — | ,",False
2025-09-07T19:00:29.939681,~ >»,False
2025-09-07T19:00:30.405980,—- cau >»,False
2025-09-07T19:00:30.857180,,False
2025-09-07T19:00:31.309979,bess — {| ~e pi,False
2025-09-07T19:00:31.774693,“oe >»,False
2025-09-07T19:00:32.478380,"a , aman We —{ 1 . Hi i fi » awe.",False
2025-09-07T19:00:33.100954,ae,False
2025-09-07T19:00:33.634499,se ak a _~,False
2025-09-07T19:00:34.167213,a,False
2025-09-07T19:00:34.741709,eri ——,False
2025-09-07T19:00:35.316915,ase —ee,False
2025-09-07T19:00:35.866343,,False
2025-09-07T19:00:36.402276,,False
2025-09-07T19:00:36.953702,,False
2025-09-07T19:00:37.472718,,False
2025-09-07T19:00:37.996416,,False
2025-09-07T19:00:38.585232,—,False
2025-09-07T19:00:39.095772,,False
2025-09-07T19:00:39.605947,,False
2025-09-07T19:00:40.146120,,False
2025-09-07T19:00:40.662097,,False
2025-09-07T19:00:41.211376,“Ne,False
2025-09-07T19:00:41.720081,", \—",False
2025-09-07T19:00:42.252109,,False
2025-09-07T19:00:42.796083,Le ; ey ;,False
2025-09-07T19:00:43.440863,° | ee CroR Soroog : : FA WELCUS ; o : {| Ct OGY a ROBOT Tosa =,False
2025-09-07T19:00:44.148557,; TOR Sorsogd :. e el HELLO a +E ORE ROBOT TOsGA as,True
2025-09-07T19:02:51.902268,«&,False
2025-09-07T19:02:52.479160,,False
2025-09-07T19:02:53.167742,-_,False
2025-09-07T19:02:53.672012,,False
2025-09-07T19:02:54.206524,", “za",False
2025-09-07T19:02:54.776410,ORE ROROT ron,False
2025-09-07T19:02:55.272845,i749 L{ RoRe ae er oa,False
2025-09-07T19:02:55.852112,HELE GQ 4HELUe RogoT Tose GO,False
2025-09-07T19:02:56.440703,WELL OG ae = ONS ROBOT TosoA,True
2025-09-07T19:03:35.978974,a0 At’ s | ‘ait \ } \ | } a Ca oe et ie { OJ aR OT rQsor HOBO \,False
2025-09-07T19:03:36.716525,Qpo pecrToR SOTIOG WE ee SS) OJISH ~ apig a Saee Pe ',False
2025-09-07T19:03:37.335568,,False
2025-09-07T19:03:37.919692,DecTOR Soraa as HELLO = jC ; 3h,False
2025-09-07T19:03:38.512800,ao * necToR Sere : wELLO <7 i soe “es 20RaQT eS,False
2025-09-07T19:03:39.070897,DOCTOR Sorsee 9s HELLO - — ' | Os es 560OR90 TOE,True
2025-09-07T19:05:22.893252,=,False
2025-09-07T19:05:23.685408,- aim 173 . = = eS: Do eee = rT. 1,False
2025-09-07T19:05:24.277694,emsesc: 2 OB tas,False
2025-09-07T19:05:24.836942,| ha,False
2025-09-07T19:05:25.583793,"ae Ro ts ES, eee aS. . ~~ nn ve o < ~ z as i > ~ =e « = ca, ~ See 4 . —_",False
2025-09-07T19:05:26.006594,z) se,False
2025-09-07T19:05:26.451581,,False
2025-09-07T19:05:26.900111,,False
2025-09-07T19:05:27.318934,", ae",False
2025-09-07T19:05:27.765332,,False
2025-09-07T19:05:28.274664,"HELLO , 1 oe +4. €) ro we oe i"" ie ) saa 4 d wif < > <_<",False
2025-09-07T19:05:28.867510,,False
2025-09-07T19:05:29.378023,ue,False
2025-09-07T19:05:29.856690,» ‘i Y y,False
2025-09-07T19:05:30.284633,,False
2025-09-07T19:05:30.808135,® ; ‘3d,False
2025-09-07T19:05:31.344092,,False
2025-09-07T19:05:31.923224,,False
2025-09-07T19:05:32.532825,_?,False
2025-09-07T19:05:32.975110,,False
2025-09-07T19:05:33.427286,,False
2025-09-07T19:05:33.795971,"""> ye.",False
2025-09-07T19:05:34.207424,,False
2025-09-07T19:05:34.620589,,False
2025-09-07T19:05:35.058913,a,False
2025-09-07T19:05:35.483701,,False
2025-09-07T19:05:36.144890,a,False
2025-09-07T19:05:36.771762,a,False
2025-09-07T19:05:37.405457,a,False
2025-09-07T19:05:37.938078,a,False
2025-09-07T19:05:38.550540,a,False
2025-09-07T19:05:39.272710,ea,False
2025-09-07T19:05:39.714499,,False
2025-09-07T19:05:40.088530,T ’,False
2025-09-07T19:05:40.590453,&,False
2025-09-07T19:05:41.112597,¢,False
2025-09-07T19:05:41.587709,*s,False
2025-09-07T19:05:42.045950,s&s,False
2025-09-07T19:05:42.511536,,False
2025-09-07T19:05:43.039919,,False
2025-09-07T19:05:43.527948,Beast Wen ~ °C TOR Sone NHELLG = =a ¢ : e F ij =. A Wee,False
2025-09-07T19:05:43.952067,"a e - ,",False
2025-09-07T19:05:44.407709,,False
2025-09-07T19:05:44.921023,Opo DOCTOR JOTQIOT on i | ‘ es od,True
2025-09-07T19:10:10.812770,HE HELLO gor sins Ros cT,True
2025-09-07T19:10:35.759412,"ae ee ae 2"" a > ae e: ae 5 ee eee soe et er eT i eee",False
2025-09-07T19:10:36.725160,"—— al a — ea ee ee i to + ee oo ee in geet Sy” eg, tS",False
2025-09-07T19:10:37.221410,-,False
2025-09-07T19:10:37.679423,“Seo > =,False
2025-09-07T19:10:38.116598,~~ = a=,False
2025-09-07T19:10:38.563336,,False
2025-09-07T19:10:39.102822,“ ~ 4 < pa toe,False
2025-09-07T19:10:39.534962,,False
2025-09-07T19:10:40.023937,HELE HELLO Low Ht. Ror KETHR gs RORUT |,False
2025-09-07T19:10:40.497518,it ae,False
2025-09-07T19:10:40.979642,HELL HELLO Low HES x gor — SocTOR B,False
2025-09-07T19:10:41.469166,HELL HELLO Low Ho : wor  SecTOR Be,False
2025-09-07T19:10:41.966798,HELL HELLO Loy: te pe ” - ES,False
2025-09-07T19:10:42.419305,,False
2025-09-07T19:10:42.887907,“ee Low agi e,False
2025-09-07T19:10:43.324225,er os,False
2025-09-07T19:10:43.759501,ite ia iter Fae,False
2025-09-07T19:10:44.301563,HELL HELLO Low HE gor SOC TOR De ROBOT ges ’ L,True
2025-09-07T19:11:07.728285,3a ~_s a. a ag a ae: oe oe ae ee Se ee eee,False
2025-09-07T19:11:08.536431,"aS 7 ee ei : oe a ee Siam edt Dn, a aes ss ME See a :",False
2025-09-07T19:11:09.091850,re... 9 a - 7 saa — cB : &,False
2025-09-07T19:11:09.616736,— “Sa ' os ‘ > sk . Sol : ’ —a,False
2025-09-07T19:11:10.164749,Ll,False
2025-09-07T19:11:10.712410,i,False
2025-09-07T19:11:11.186762,ROT SOC TSR be ROR G,False
2025-09-07T19:11:11.701188,f We ko RS itw RR : het a AaB ay ae,False
2025-09-07T19:11:12.247162,ag } wero | on a ? — 1 aa < a 3,False
2025-09-07T19:11:12.713205,. afi bower for,False
2025-09-07T19:11:13.358046,f : ae Sage or. : os,False
2025-09-07T19:11:13.784805,: Low ; 2 ea,False
2025-09-07T19:11:14.179549,HELL WE iy. Be +4 4 a,False
2025-09-07T19:11:14.601397,a HELL HEU Lew 2,False
2025-09-07T19:11:15.014200,HELL te tow —# sr oes,False
2025-09-07T19:11:15.625756,HELL HELLO Low gor mes Ras,False
2025-09-07T19:11:16.212964,er 4 = J,False
2025-09-07T19:11:16.656193,@r bs,False
2025-09-07T19:11:17.141604,Low 4 gor boc T,False
2025-09-07T19:11:17.636657,HELL = HER Low | gor ee,False
2025-09-07T19:11:18.101465,Low 4,False
2025-09-07T19:11:18.595666,HLL | «RELL Low aa gor ct,False
2025-09-07T19:11:19.057063,HELL HELLO Low 3 g0T a,False
2025-09-07T19:11:19.577874,HELL HELLO Low. ae g0T OCT,False
2025-09-07T19:11:19.996487,HELL LLO Low ae,False
2025-09-07T19:11:20.438299,HELL ELLE ; Low,False
2025-09-07T19:11:20.918911,HELL eu 5 ae 4] a a = 5,False
2025-09-07T19:11:21.348013,Low 7 ae gor a SC é,False
2025-09-07T19:11:21.812595,HELL HEU gor 2 os E a e,False
2025-09-07T19:11:22.268041,LOW om oT aa,False
2025-09-07T19:11:22.792148,—,False
2025-09-07T19:11:23.257558,HELL HEE uw a or et,False
2025-09-07T19:11:23.764891,HELL HES ov,False
2025-09-07T19:11:24.245990,tow A,False
2025-09-07T19:11:24.702559,—<™ peti ae i : HELL Hees Low ae g0T me,False
2025-09-07T19:11:25.196032,HELL =6HEES Low | for >,False
2025-09-07T19:11:25.694544,gor — O0G™,False
2025-09-07T19:11:26.148828,Low 41 wr rs,False
2025-09-07T19:11:26.655279,HELL «HELE wor Sere s,False
2025-09-07T19:11:27.132402,E eer ot: 4,False
2025-09-07T19:11:27.595837,"""ELL HEL boy",False
2025-09-07T19:11:27.990529,,False
2025-09-07T19:11:28.468353,Ss = te.,False
2025-09-07T19:11:28.993884,eee HELL HEELS -_ Low HL aS ee foctoR fo ROR OF oa,False
2025-09-07T19:11:29.430473,HELL HELLO : ode gor  OOCTOR Bo ROBOT a,False
2025-09-07T19:11:29.955730,eg “= HEL) ete . aa : tow 4 — aa . fr coc rok Bo ee Reo,False
2025-09-07T19:11:30.466246,ee Eras HELL HELLO a tow He Tie gor cocTroR Bo 57 ROOT a,False
2025-09-07T19:11:30.963169,a. ~ HELL HELLO sas by iia gor DOC TGR 90 ce,False
2025-09-07T19:11:31.446391,i; = iy HELLO ia = Low HL a * g0T hoc toR da - ROOT | ag,False
2025-09-07T19:11:32.024281,— HEL’ HELLO - Low HL es for doc TOR te” aia ROBOT as aa ee i,False
2025-09-07T19:11:32.553694,HELL HELLO a Low HE = for SOC TOR Ba a Roe OF a Be —,False
2025-09-07T19:11:33.030303,"es Be "" ee =e HELL HELLO a Low Fim oa 80T Hoc TOR do Bee RoR Or a",False
2025-09-07T19:11:33.554679,HELL HELLO a | Low HL ey sor «SCT OR ba RoR OT a ee:,False
2025-09-07T19:11:34.024619,Pa bo i HELLO * 4 Low qL a Pest oocTOR a ee RoR OT “,False
2025-09-07T19:11:34.545095,HEL HELLO a low «HE eas éon foc TOR Bo <i ROR OT al,False
2025-09-07T19:11:35.046759,a HELL HELLO S| Low #E 7a gor Soc ToR be Be ROB OT i,False
2025-09-07T19:11:35.568044,HELL HELLO Low qo “gaged _— coc TOR DO a4 RoR Or ae e ie,False
2025-09-07T19:11:36.113559,ae ‘ HELL HELLO ES Low qo aa gor foc TOR da a Rog OF ae,False
2025-09-07T19:11:36.603584,4 2 HELL HELLO Low cm gor Soc TOR De a Ros OF e. «iii,False
2025-09-07T19:11:37.064676,HELL HELLO i Low nie a pocToR 00 > ROR OT Ba,False
2025-09-07T19:11:37.647899,es Za aa ce eo HELL HELLO } Low qo g gor foc TOR Do roe Or Fe” — ©.,False
2025-09-07T19:11:38.152769,— HELL HELLO Low qo por foc TOR De Roe OT a aa,False
2025-09-07T19:11:38.686268,5 tee # < eRe HELL HEtLO 5 Low qo ee boc TOR Ge i RoR OT Pe,False
2025-09-07T19:11:39.172075,HELL HELLO | Low qo for hoc TOR be . R08 OT am a ee,False
2025-09-07T19:11:39.687650,etal ani Fe HELL HELLO ] Low i - gor poc TOR Do 4 RoR Or ae a,False
2025-09-07T19:11:40.248333,"os Eeomae, “© ; HELE HELLO Low qo on boc Tar _ Be 7 RoR OT a Aes ote ae",False
2025-09-07T19:11:40.736032,er. e =e HELL HELLO | Low Ho ctor pe er Soc TOR RoR OT,False
2025-09-07T19:11:41.214755,HELL HELLO Low qo por pocTroR oe RoR oT :,False
2025-09-07T19:11:41.727681,"=e Sie a Cs ten, HELL HELLO Low qo ] ae De pee boc TOR Roe OT ee",False
2025-09-07T19:11:42.245888,ra a HELL HELLO Low qo ee poctoR 9 Roe or E,False
2025-09-07T19:11:42.772756,“< HELL HELLO Low qo te poctarR 0a ROBOT,False
2025-09-07T19:11:43.251832,"P Pas : ' ba -: HELL HELLO Low qo "" De =e Sage at RoR or =",False
2025-09-07T19:11:43.752085,HELL HELLO Low qo ne boc TOR Ror Or,False
2025-09-07T19:11:44.220583,= HELL HELLO Low HE ae poc TOR oe Ros Or,False
2025-09-07T19:11:44.687313,HELL HELLO Low qe eS socrdR por ST,False
2025-09-07T19:11:45.090427,,False
2025-09-07T19:11:45.565120,~,False
2025-09-07T19:11:45.954790,,False
2025-09-07T19:11:46.448820,bee [se,False
2025-09-07T19:11:46.944332,|,False
2025-09-07T19:11:47.449495,._,False
2025-09-07T19:11:47.945626,| =,False
2025-09-07T19:11:48.402382,._,False
2025-09-07T19:11:48.865503,.,False
2025-09-07T19:11:49.330965,._,False
2025-09-07T19:11:49.786480,a,False
2025-09-07T19:11:50.200484,,False
2025-09-07T19:11:50.653923,,False
2025-09-07T19:11:51.090315,,False
2025-09-07T19:11:51.587602, ——,False
2025-09-07T19:11:52.102016, —,False
2025-09-07T19:11:52.533160,,False
2025-09-07T19:11:53.026026, —,False
2025-09-07T19:11:53.463833,|,False
2025-09-07T19:11:53.929285,,False
2025-09-07T19:11:54.385270,',False
2025-09-07T19:11:54.823874,,False
2025-09-07T19:11:55.354705,.,False
2025-09-07T19:11:55.814387,.,False
2025-09-07T19:11:56.245584,,False
2025-09-07T19:11:56.722885,.,False
2025-09-07T19:11:57.220352,SS,False
2025-09-07T19:11:57.713340,.,False
2025-09-07T19:11:58.201642,. SS,False
2025-09-07T19:11:58.659312,SS,False
2025-09-07T19:11:59.195876,",",False
2025-09-07T19:11:59.718602,y,False
2025-09-07T19:12:00.193189,,False
2025-09-07T19:12:00.634686,,False
2025-09-07T19:12:01.082991,,False
2025-09-07T19:12:01.551670,,False
2025-09-07T19:12:01.952230,,False
2025-09-07T19:12:02.392436,ft,False
2025-09-07T19:12:02.835327,ae a,False
2025-09-07T19:12:03.347696,,False
2025-09-07T19:12:03.752216,,False
2025-09-07T19:12:04.194558,,False
2025-09-07T19:12:04.616669,,False
2025-09-07T19:12:05.048130,,False
2025-09-07T19:12:05.434049,,False
2025-09-07T19:12:05.978822,,False
2025-09-07T19:12:06.603502,"HELL HELLO Py P F poc rar oo Root, Be pecrar a Si",False
2025-09-07T19:12:07.146568,HELL WELLO = Low qL a oc TOR De | ae ROT pec g ee ik or ' ROBO eG: pecTer os,False
2025-09-07T19:12:07.669406,HELL HELLO En Ow #5 as —— =e ie RoR oe Ee: pecreR so :,False
2025-09-07T19:12:08.223465,"ch ea J a = HE © a i Dw _ oi a 4 be nee pec TOR 00 ae ~S » Ae pec Tee — i, a",False
2025-09-07T19:12:08.789032,HELL HELLO 4 Low qE _ . = pec TOR = Be a Roe or . pocToR ae = : <,False
2025-09-07T19:12:09.357458,HELL HELLO f Low Ho =a es poc ror Be = RoR oT aaa Bos pocToR & ae me? ae >,False
2025-09-07T19:12:09.836290,HELL HELLO 5 Low fz FE ze poctoR Be Ee RoROT oa pocToR Lag et s,False
2025-09-07T19:12:10.362346,HELL HELLO Low HE ae poc TOR de re Roeor = pocToR = : A,False
2025-09-07T19:12:10.933279,4 = = HELL HELLO : Low HE OCT Do ag toe poc or = Roe OT aa pocTOR F; ez - et ee,False
2025-09-07T19:12:11.458545,aoe HELL HELLO Low qo — 2 i goT eS as =~ Rok or e. pocToR 23,False
2025-09-07T19:12:11.945555,J - = HELL HELLO Low qo q or: ; RoR oT @ pocToeR @4,False
2025-09-07T19:12:12.487527,eee HELL HELLO Low qo ae Do es poc TOR = Ror OF - pocToR ee es = ys éc 33,False
2025-09-07T19:12:13.066247,ba a oe HELL HELLO Low HL as poc TOR % ‘¢ RoR or poc TOR a #3,False
2025-09-07T19:12:13.600530,"a HELL HELLO Low qo 06 TORS, Be E SP P a . ROBO = pocTeR = =",False
2025-09-07T19:12:14.112129,Eee HELL HELLO Low Ho ~e. z RoR oT ee pocToR * _,False
2025-09-07T19:12:14.691774,"HELL HELLO Low ae eS oT -7 Hy, RoR oT : noc TOR < . is . a . 4 S",False
2025-09-07T19:12:15.236509,aa HELL HELLO tow HE octoR 0 goT ey Ror OT pocToR a a =,False
2025-09-07T19:12:15.875060,ec” ra HELL HELLO Low Ho oc TOR BO Bor pa Jet ROR oY pocToR &,False
2025-09-07T19:12:16.449614,"se HELL, HELLO Low at ce poctoR 90 RoR oT pocToR : . Zod",False
2025-09-07T19:12:16.986995,HELL HELLO tow =o AE ~~ an ROR OT pocTer ss i 5,False
2025-09-07T19:12:17.387730,,False
2025-09-07T19:12:17.720269,,False
2025-09-07T19:12:18.113254,.,False
2025-09-07T19:12:18.594073,SS.,False
2025-09-07T19:12:19.193048,| =,False
2025-09-07T19:12:19.850754,|,False
2025-09-07T19:12:20.325163,,False
2025-09-07T19:12:20.758416,,False
2025-09-07T19:12:21.189137,,False
2025-09-07T19:12:21.602161,,False
2025-09-07T19:12:21.982212,,False
2025-09-07T19:12:22.432348,,False
2025-09-07T19:12:22.899169,=,False
2025-09-07T19:12:23.335195,<=,False
2025-09-07T19:12:23.794315,,False
2025-09-07T19:12:24.262894,,False
2025-09-07T19:12:24.768034, —,False
2025-09-07T19:12:25.219013,<=,False
2025-09-07T19:12:25.722520,=,False
2025-09-07T19:12:26.215012,=,False
2025-09-07T19:12:26.656191,=,False
2025-09-07T19:12:27.078352,=,False
2025-09-07T19:12:27.497418,=,False
2025-09-07T19:12:27.962459,=,False
2025-09-07T19:12:28.624758,==,False
2025-09-07T19:12:29.112981,<=,False
2025-09-07T19:12:29.462994,=,False
2025-09-07T19:12:29.867136,=,False
2025-09-07T19:12:30.265232, —_—,False
2025-09-07T19:12:30.666494,,False
2025-09-07T19:12:31.162820,|,False
2025-09-07T19:12:31.630753,2.,False
2025-09-07T19:12:32.097813,_ ——,False
2025-09-07T19:12:32.606025,_ ——,False
2025-09-07T19:12:33.079022,. =,False
2025-09-07T19:12:33.525379,,False
2025-09-07T19:12:34.115211,>,False
2025-09-07T19:12:34.590685,~,False
2025-09-07T19:12:35.146540,a,False
2025-09-07T19:12:35.585554,,False
2025-09-07T19:12:36.129453,"cE. Wed Fes Low HE = > oc ron near, ae pcre §",False
2025-09-07T19:12:36.743483,“=e WAG Se ~ WS oo edi ey reR | ee — aaa tt em - gacrem ae,False
2025-09-07T19:12:37.281176,FELL «HELLS ~ ie Low HE eum mr > Ere wy DcocTm roeoT pocTor ae,False
2025-09-07T19:12:37.766931,"HELL HELLO ee "" Low {fi a gor Pg te bg >. ; D OC TOR ROBOT pocToR 4",False
2025-09-07T19:12:38.369785,"Lee eee 3 a. HEL. “Feces et Low He gor PCT aaa D oc ToR noch, aa NocToR ; : eas",False
2025-09-07T19:12:38.869040,HELL HELLO : Low pe “ee wr STOR OB D OcToR ROBOT pocreR,False
2025-09-07T19:12:39.412106,HELL HELLO z & Low qo a D ocToR Rew. 2 pocToR = cs,False
2025-09-07T19:12:39.977471,"HELL HELLO ae Low ns a gor POC TOR ams * D OCTOR RoR OT a jocToR Pes, Pe ie. a ey :",False
2025-09-07T19:12:40.567908,HELL HELLO Low pe 3 ‘ gor foc tor ee D oc TOR ROROT Sas ocTcR R oe,False
2025-09-07T19:12:41.120548,"HELL HELLO oe Low HE % por - Ske bed D oc TOR Root, oe NocToR ie ok =",False
2025-09-07T19:12:41.708981,HELL HELLO Low i 2a g0T peg 2a D oc TOR RoeoT = jocTaR = _— Pe 2 oa,False
2025-09-07T19:12:42.267842,"HELL HELO Low = E g0T poc TOR a D ocToOR ROR CT, Rock Roe a. > oe",False
2025-09-07T19:12:42.726188,= ars ‘,False
2025-09-07T19:12:43.181714,,False
2025-09-07T19:12:43.629204,oe,False
2025-09-07T19:12:44.046134,,False
2025-09-07T19:12:44.499252,FS . s a =,False
2025-09-07T19:12:44.980240,a a,False
2025-09-07T19:12:45.369796,,False
2025-09-07T19:12:45.869411,a,False
2025-09-07T19:12:46.337679,,False
2025-09-07T19:12:46.759111,\ fe . ee,False
2025-09-07T19:12:47.183382,\ a : iene,False
2025-09-07T19:12:47.682707,,False
2025-09-07T19:12:48.135899,,False
2025-09-07T19:12:48.609901,,False
2025-09-07T19:12:49.063619,|,False
2025-09-07T19:12:49.537069,a.,False
2025-09-07T19:12:50.000406,._,False
2025-09-07T19:12:50.472473,._,False
2025-09-07T19:12:50.918054,| =,False
2025-09-07T19:12:51.394787, —,False
2025-09-07T19:12:51.819055,,False
2025-09-07T19:12:52.265680,,False
2025-09-07T19:12:52.792807, —,False
2025-09-07T19:12:53.264067,", =",False
2025-09-07T19:12:53.724227, —,False
2025-09-07T19:12:54.245250,,False
2025-09-07T19:12:54.734520, —,False
2025-09-07T19:12:55.256690, ——,False
2025-09-07T19:12:55.746613, —,False
2025-09-07T19:12:56.229103,,False
2025-09-07T19:12:56.740230, —,False
2025-09-07T19:12:57.233956, —,False
2025-09-07T19:12:57.727002,|,False
2025-09-07T19:12:58.220552,.,False
2025-09-07T19:12:58.692268,,False
2025-09-07T19:12:59.156680,|,False
2025-09-07T19:12:59.663500,. =,False
2025-09-07T19:13:00.154964,. =,False
2025-09-07T19:13:00.654687,. =,False
2025-09-07T19:13:01.124939,|. =,False
2025-09-07T19:13:01.588150,S._,False
2025-09-07T19:13:02.060487,SS.,False
2025-09-07T19:13:02.482852,>.,False
2025-09-07T19:13:02.932580,|,False
2025-09-07T19:13:03.397240,| =,False
2025-09-07T19:13:03.849162,| =,False
2025-09-07T19:13:04.344932,|,False
2025-09-07T19:13:04.830743,._,False
2025-09-07T19:13:05.331445,>. _,False
2025-09-07T19:13:05.788049,,False
2025-09-07T19:13:06.232296,,False
2025-09-07T19:13:06.653581,,False
2025-09-07T19:13:07.120539,,False
2025-09-07T19:13:07.522845,,False
2025-09-07T19:13:08.015426,H ae so R . \« -) - 7 + 6,False
2025-09-07T19:13:08.621479,i Soiree a 3 ee eS. HE HELLO re poc TOR 5e — i ey,False
2025-09-07T19:13:09.081239,"hag Saray oc =e ae , a",False
2025-09-07T19:13:09.594673,"HELL HELLO is Low bo - por ror Oe tid oa ae RoEoT, aaa pocToR .",False
2025-09-07T19:13:10.193605,. Rpt ces ‘4 ey us we ocToR. Be gor r 5 TOR ROROT yo aror pec as + a id in oe *,False
2025-09-07T19:13:10.723549,_ HE O E 3 opoc rot ae ant ROeCT Senet pec ToR »,False
2025-09-07T19:13:11.293630,"5, oe eg Saat HELL HELLO Low HL er dee ae gor a ee RoR OT 4 oo TOR A pocrorR : pocToR * as ,",False
2025-09-07T19:13:11.820551,HELL HELLO = 6 «= oe 5 : Fe ~~ iii eis,False
2025-09-07T19:13:12.348206,"HEL ts HELLO Low qo Zs g0T pocTtoR = Be es a, D ooTOR RoR OF, od DOCTOR: pocToR we",True
2025-09-07T20:59:13.638861,,False
2025-09-07T20:59:14.314557,,False
2025-09-07T20:59:14.935107,.,False
2025-09-07T20:59:15.523868,.,False
2025-09-07T20:59:16.173968,i be ee > ee eee a ae ae,False
2025-09-07T20:59:16.721291,Doc Tor = ace?,False
2025-09-07T20:59:17.476254,HILLO a HELEO 3a a oe for poctoR pa ae D SeroR ROBOT ey POC ToR tO ena e ‘ -,False
2025-09-07T20:59:18.304647,"HE * oars... "" Hrs ~~ HELLO: Seeeaaam Low A = * + ee for ecto | og am D OoroR ROR OF ee DOCTOR = 2 a",True
2025-09-07T20:59:52.202605,>,False
2025-09-07T20:59:52.848776,J,False
2025-09-07T20:59:53.415279,,False
2025-09-07T20:59:53.994767,i ; | 5a 3 a pate eee s eo,False
2025-09-07T20:59:54.471328,,False
2025-09-07T20:59:55.171024,mol Ee Tee 24 = 3 i ee Zz,False
2025-09-07T20:59:55.719674,,False
2025-09-07T20:59:56.186858,,False
2025-09-07T20:59:56.646766,,False
2025-09-07T20:59:57.086618,,False
2025-09-07T20:59:57.545959,i 2,False
2025-09-07T20:59:58.109646,Were Aw We a pecran oe or eR RORST pooren mn a,False
2025-09-07T20:59:58.705633,i HEL £ HELLO MELLO Low Ls por pocrom oe D oo ror RoRoT pocror x :,False
2025-09-07T20:59:59.367918,HEL HILLS eis Low HE for pocroR 0 D oo ToR RORGT ae pocTeR,False
2025-09-07T20:59:59.958194,HELL HELLO wa HELLO ae ar for pocToR D0 i D ooToR ROBOT po crog QocTOR,False
2025-09-07T21:00:00.521110,HEL L = bees LL HEte en Low HE. Bs. gor poctoR de D ooroR RoeOT ea NocToR,False
2025-09-07T21:00:01.009625,"BOR Lt eee ae Low HL oe, Ror foc to -o a D SoTOR RoR OT pocreR 4 pocToR",False
2025-09-07T21:00:01.536404,HELL ‘ “ae HILLO 1 :. Low qo aes pocToR De “i D SOoTOR RoR OT pocroR QocTor 4 ‘* =,False
2025-09-07T21:00:01.998001,HELL WELLO ” Low fis a D soroR ROBOT ae * pocror Pe i a *,False
2025-09-07T21:00:02.670971,ws 7 ae Low Hi g0T fogta™ BS D ooTOR Roa STOR ear Poe,False
2025-09-07T21:00:03.272769,‘ HELL HeLa Et a Low — got poc TOR Do get D ooTroR ROBST joaraR,False
2025-09-07T21:00:03.885099,HELL HELLO ~ —_ cites lv or = CT ee D SoTOR ROBOT 46 CTOR pocTor a,False
2025-09-07T21:00:04.577400,_ aes HELLO se Low = ROT porto? a D SOTOR ROR OT D Ye pocTor =,False
2025-09-07T21:00:05.119814,Meer a Hoes 3 a D coroR ROBOT pocre,False
2025-09-07T21:00:05.651933,Rilo” ioe oe a gor pec : ea D COTM ROBT nee ¥ aa atte ag,False
2025-09-07T21:00:06.144394,D SoTOR re Rock Rig,False
2025-09-07T21:00:06.771073,"HELLO ."" See ‘es D SoTOR - 2 pocroR",False
2025-09-07T21:00:07.380551,HELLO Bas tow HE wor pcre D COTOR Roe et,False
2025-09-07T21:00:08.073264,"ILLO . ane : "" Low #1 é pot “1 eae Ror D SoTOR a ie. Noe? Rtas aa aoe",False
2025-09-07T21:00:08.701501,D SoTOR erate,False
2025-09-07T21:00:09.268419,"ae Low a He 5, goT Mei D SOTOR seit: ‘oe",False
2025-09-07T21:00:09.863638,bc Low “7s oQR Or D saTOR i. Se pocror |,False
2025-09-07T21:00:10.350973,D ooTOR a,False
2025-09-07T21:00:10.849210,pooron —~ROBE Rafts * ‘la,False
2025-09-07T21:00:11.391175,WILLS os gor Ho rey D CoTOR papi er a=,False
2025-09-07T21:00:11.932147,D OoTOR Rare,False
2025-09-07T21:00:12.525473,Saget eS ae oct ROT eee Dp coTm eam,False
2025-09-07T21:00:13.126567,qe or Ta eo Q OB St,False
2025-09-07T21:00:13.691472,— er ae * ~ye pean rece er pds Db oOTR ae a.,False
2025-09-07T21:00:14.192556,HELL ELL ; D SOTOR bee,False
2025-09-07T21:00:14.674657,HELS gy HE D Oo TOR ee,False
2025-09-07T21:00:15.194700,A Low = : oT Re pe AS -,False
2025-09-07T21:00:15.770045,H oe HELLS 2 Low He or 86 D ooTOR oe,False
2025-09-07T21:00:16.456586,HELL HELLO” D saTroR ROBBED nocr Z =,False
2025-09-07T21:00:17.183713,Ae? 0 ae > oe D ce roR ROBOT pecrat os oC TOR ae,False
2025-09-07T21:00:17.864316,HELL. HERES i ILLO Z ser Low qe ioe poc ToRS ss Sen D SOTOR ROBOT pocror 2 pocTor es,False
2025-09-07T21:00:18.489542,HELL ie ee HELES Low by : = 80T poctoR Be ES D oaTOR ROBOT : pocroR e yocTor oe,False
2025-09-07T21:00:19.157939,pr. oe D ooTOR RoR OF pocr ; pocToR oS ;,False
2025-09-07T21:00:19.706635,Low te oe a se poc TOR 00 D oOTOR ROB OT one pocToR a :,False
2025-09-07T21:00:20.454115,qe es yul ie ee wor CTR ae D SOTOR ROB OF x Nc: pec ae,False
2025-09-07T21:00:21.044959,; eeee a: LL eo goT poc = gee D OOTOR ROROT 9g pect oR,False
2025-09-07T21:00:21.570171,goT poc Tor ea D SOTOR ROBOT 46 yocToR =,False
2025-09-07T21:00:22.149818,Low es D soToR ROBOT 6 pocTeR :,False
2025-09-07T21:00:22.594538,D seTOR ROR “<6 joc? oR,False
2025-09-07T21:00:23.114324,"HELLS ay D ooToR ROBT 99, pocTorR ke 2%",False
2025-09-07T21:00:23.698475,Low. eae gor PoC 0 oe 7 D ooTOR ROBOT poe oc TOR “ame QR a Sele,False
2025-09-07T21:00:24.395282,— =. We a —s ee is am - S.: aa pocren,False
2025-09-07T21:00:24.940877,,False
2025-09-07T21:00:25.468036,,False
2025-09-07T21:00:25.951506,,False
2025-09-07T21:00:26.408060,2 Pj,False
2025-09-07T21:00:26.859481,,False
2025-09-07T21:00:27.369113,,False
2025-09-07T21:00:27.859392,,False
2025-09-07T21:00:28.427294,,False
2025-09-07T21:00:28.953929,:4,False
2025-09-07T21:00:29.393448,,False
2025-09-07T21:00:29.927418,,False
2025-09-07T21:00:30.334147,,False
2025-09-07T21:00:30.837185,,False
2025-09-07T21:00:31.327607,,False
2025-09-07T21:00:31.785221,,False
2025-09-07T21:00:32.295948,3,False
2025-09-07T21:00:32.858804,.,False
2025-09-07T21:00:33.373942,a,False
2025-09-07T21:00:33.859077,,False
2025-09-07T21:00:34.416618,,False
2025-09-07T21:00:34.973961,| eo,False
2025-09-07T21:00:35.521250,,False
2025-09-07T21:00:36.081862,,False
2025-09-07T21:00:36.615558,,False
2025-09-07T21:00:37.142742,a,False
2025-09-07T21:00:37.607412,Rg ‘Soe,False
2025-09-07T21:00:38.091766,,False
2025-09-07T21:00:38.677944,,False
2025-09-07T21:00:39.181591,a ae,False
2025-09-07T21:00:39.690577,ad ree,False
2025-09-07T21:00:40.296891,Er,False
2025-09-07T21:00:40.765922,{-> —¥ * 7 —,False
2025-09-07T21:00:41.289993,LE 6 inceenei dl A OC TOR Do ees pocrorR,False
2025-09-07T21:00:41.833145,yo THe PoC TOR do ROR OT DOCTOR : OC TOR :,True
2025-09-07T21:01:12.250030,,False
2025-09-07T21:01:12.974255,,False
2025-09-07T21:01:13.546607,,False
2025-09-07T21:01:14.030647,é bee,False
2025-09-07T21:01:14.632372,4,False
2025-09-07T21:01:15.117035,4 < = Bad,False
2025-09-07T21:01:15.651233,ae we ‘ . i Dd : =,False
2025-09-07T21:01:16.131456,c WELLO ‘ fc roe be RORGT ee Rec TeR e\ — eeu,False
2025-09-07T21:01:16.672311,"=. €£ice x ="" =",False
2025-09-07T21:01:17.254428,,False
2025-09-07T21:01:17.876301,erat ee Fj cr fcr D Sorce noes ae poc ror e,False
2025-09-07T21:01:18.470586,Hr SELL L i Low yr: D corop ROBOT a pecraR,True
2025-09-07T21:02:42.579014,|,False
2025-09-07T21:02:43.291344,,False
2025-09-07T21:02:43.779641,",",False
2025-09-07T21:02:44.293696,',False
2025-09-07T21:02:44.774774,i. Fae - \ ~ >,False
2025-09-07T21:02:45.231212,",",False
2025-09-07T21:02:45.694384,,False
2025-09-07T21:02:46.113457,,False
2025-09-07T21:02:46.623050,=,False
2025-09-07T21:02:47.065511,,False
2025-09-07T21:02:47.625869,HEL HELLO Hous HE Loe 2 | ar Se D seror ROBST poerar poorer,True
2025-09-07T21:03:13.488848,,False
2025-09-07T21:03:14.177056,,False
2025-09-07T21:03:14.691915,:,False
2025-09-07T21:03:15.210831,"a :, pik GEE We ee = oo ee ee *.",False
2025-09-07T21:03:15.724078,!,False
2025-09-07T21:03:16.162427,,False
2025-09-07T21:03:16.587954,,False
2025-09-07T21:03:17.055842,,False
2025-09-07T21:03:17.495088,Se ae & weet eae 7,False
2025-09-07T21:03:18.033197,"Hn oe eee pr, Ge D 90rag ROE Be te",False
2025-09-07T21:03:18.556129,hth. ier ; Low KL for pocroR do D corog RORST 45 oe pocror at,False
2025-09-07T21:03:19.096855,Hrs tL “HELLO Low qo Bor focroR oo S Somay ROR OF pecrer pocTor ee,False
2025-09-07T21:03:19.577726,ine Heed D sero ROBOT poo ror ocror oa Saw,False
2025-09-07T21:03:20.060723,Hees L hie ex foc toR de D SeroR RoR OT ae pocroR ar,False
2025-09-07T21:03:20.597864,hoe me Low HL wr  pocToR be D SoToR ROBOT So ae poc Tor mea 3,False
2025-09-07T21:03:21.094263,HELL LO HILES ee HELLO Low iS gor por TOR Do D ooToR RoE OF roca pocror,False
2025-09-07T21:03:21.591323,HEL 1 c t hire os HELLO Low HL gor pec TOR Do D SoOToOR ROR OT pocror pocTor : Siar,False
2025-09-07T21:03:22.127753,"Hwee HELLO 5am , ley 4 ee DoeroR —-ROROT ae pocTaR =",False
2025-09-07T21:03:22.585807,Low HL ROT poctoR D ds0TOR ROR OF es DOCTOR,True
2025-09-07T21:03:47.407061,,False
2025-09-07T21:03:48.157539,:,False
2025-09-07T21:03:48.687404,,False
2025-09-07T21:03:49.196145,,False
2025-09-07T21:03:49.679680,et,False
2025-09-07T21:03:50.248091,= ig aq F 4 SS = ed ed An i lia a,False
2025-09-07T21:03:50.706590,= ee,False
2025-09-07T21:03:51.308243,"Meee am fh i Om OF ire <a i ne, > iad",False
2025-09-07T21:03:52.160873,WES - WE ae =e (sw x Reno af ieee D Sern et Jue pre: “as >i ae: a ss,False
2025-09-07T21:03:52.635987,4x4 He WEA 3 Low wt fr poc ret pocrok ae,False
2025-09-07T21:03:53.181009,fo pocroR de OT OR RORGT oc eas poc oR = ae,False
2025-09-07T21:03:53.663689,hr SELL eto: a j 5 Sorog ROBOT i RocroR or. E 2G,True
2025-09-10T16:06:46.086940,~,False
2025-09-10T16:06:46.942181,~ d,False
2025-09-10T16:06:47.883462,~,False
2025-09-10T16:06:48.694981,~,False
2025-09-10T16:06:49.524388,""" : —_ 2 sea ais",False
2025-09-10T16:06:50.373547,~,False
2025-09-10T16:06:51.239996,' a ~ a :,False
2025-09-10T16:06:51.955599,,False
2025-09-10T16:06:52.780371,aae /// '] if,False
2025-09-10T16:06:53.494746,,False
2025-09-10T16:06:54.219196,DAIS! \,False
2025-09-10T16:06:54.923818,q ae. |,False
2025-09-10T16:06:55.574157,j i] }),False
2025-09-10T16:06:56.358456,YET AY \,False
2025-09-10T16:06:57.104758,i,False
2025-09-10T16:06:57.662634,Mi.,False
2025-09-10T16:06:58.580084,ny,False
2025-09-10T16:06:59.794052,hy,False
2025-09-10T16:07:01.135110,,False
2025-09-10T16:07:02.966875,ry Wy i f HL),False
2025-09-10T16:07:03.652087,,False
2025-09-10T16:07:04.443766,4 q,False
2025-09-10T16:07:05.202470,,False
2025-09-10T16:07:05.768118,a,False
2025-09-10T16:07:06.377460,4g,False
2025-09-10T16:07:07.115570,—— 4 Mh Y \ / | | le \\\ \,False
2025-09-10T16:07:07.692389,,False
2025-09-10T16:07:08.347469,DIN | || ii | et,False
2025-09-10T16:07:08.903907,aa i rey \ Wy,False
2025-09-10T16:07:09.409579,,False
2025-09-10T16:07:10.100398,,False
2025-09-10T16:07:10.851522,} TURAN) BL / AW \,False
2025-09-10T16:07:11.431758,\ | ! \,False
2025-09-10T16:07:12.201326,#*,False
2025-09-10T16:07:12.906281,""" ' iin Ld x ((}! \\ \ a nimene Wah My : 1",False
2025-09-10T16:07:13.626170,| 1a) t f,False
2025-09-10T16:07:14.281812,,False
2025-09-10T16:07:14.818709,,False
2025-09-10T16:07:15.675910,1 lj SANTI YA \ hi Ae i tq | | | \,False
2025-09-10T16:07:16.439286,= ah i,False
2025-09-13T10:56:04.409658,F- Hit |,False
2025-09-13T10:56:06.320529,,False
2025-09-13T10:56:07.785931,al Bi 3,False
2025-09-13T10:56:09.471503,"3a j i } ai ai \ yl ) tI HRIOAY  nmenmeeoems 4  Gecaens t_ i o>) sanoputt 200 i ‘wonimn snag 6 2) sie ae sated 250 3.0080 2 ONTORS, A900 280s nora 2 snr uma ere 8 1 on TM : eves) ronan a8 ee ghana 1009",False
2025-09-13T10:56:11.313666,"‘ a = Ge } whan ! | 1 1 } noiighoesd 91 992 i | , ri is ; | | r ‘309 wrvaA tn 0000 ) eri | amnaoure 1690 “ co yebnimm stinag © & oinT ™ soo 050 3 o0b0 om OnUOe 4900 oa 0s neo we ao terugua ete 8 es Tovoh $ cgniwollo! oft Joston aXe) a264 = atst90 190",False
2025-09-13T10:56:12.784196,"Py il T hi aa a ai 999 bavoh [ent 0000 1 F mo } cesnobute 90 , ybnimen otinag 6 2! ait llertoM 909 x o0bO art onitneon . — ‘olupertae 2808 nortexoey a 4 ‘909 16 1eugUA reFE 8 MIG _ ‘llerioM hi :gniwollot ‘oflt to g10 sre) 92¢ alisi90 nova",False
2025-09-13T10:56:14.380421,ie. < noitgiroe9b ant 992 spszeam base ne animbe ¥in0 (ernniw 101 916d on ) yisniunsd = Yea 9) oe HRIDAY yo ree ermaV srtaxiaad 999 bawoA leni3 OOO viaxsvinU tives rerta.quowd .zinsbulé 1690 yobnima sbnge 6 2i aiAT ilsdoM 999 x 0obO ort! gnibieps balubariva 2808 nor 900 16 seuQUA 12TE B cllorioM ii ind aft Jo aon 9x6! 92,True
2025-09-13T10:57:16.588985,"M ,",False
2025-09-13T10:57:17.585820,ny,False
2025-09-13T10:57:18.837004,i. a,False
2025-09-13T10:57:19.676001,“4 1g a,False
2025-09-13T10:57:20.513466,,False
2025-09-13T10:57:21.348272,,False
2025-09-13T10:57:22.295484,ann al —= ~~ nl,False
2025-09-13T10:57:23.258164,(aren yacTSH west WRIDAY Cae cee,False
2025-09-13T10:57:24.190407,( evenniw YAQCTISIH mesons HRID AY a,False
2025-09-13T10:57:25.033084,| otra. : HRIDAY |,True
2025-09-20T11:14:59.143017,,False
2025-09-20T11:14:59.951658,——,False
2025-09-20T11:15:00.658610,"¥ | , Pe =| _",False
2025-09-20T11:15:01.237635,,False
2025-09-20T11:15:01.936534,i,False
2025-09-20T11:15:02.587778,,False
2025-09-20T11:15:03.539839,AS “=,False
2025-09-20T11:15:04.158659,,False
2025-09-20T11:15:04.764609,,False
2025-09-20T11:15:05.363732,Ss,False
2025-09-20T11:15:05.970006,,False
2025-09-20T11:15:06.580821,,False
2025-09-20T11:15:07.151998,,False
2025-09-20T11:15:07.752049,,False
2025-09-20T11:15:08.329808,ay ~~,False
2025-09-20T11:15:08.962872,a Ds ym,False
2025-09-20T11:15:09.803084,¢&,False
2025-09-20T11:15:10.447124,Ds,False
2025-09-20T11:15:11.101501,i | a,False
2025-09-20T11:15:11.746222,‘a €&,False
2025-09-20T11:15:12.410797,= .,False
2025-09-20T11:15:13.097366,| 2,False
2025-09-20T11:15:13.685159,rr,False
2025-09-20T11:15:14.345159,-,False
2025-09-20T11:15:15.424094,o a,False
2025-09-20T11:15:16.037364,ie,False
2025-09-20T11:15:16.738126,| 4 1...),False
2025-09-20T11:15:17.445705,y,False
2025-09-20T11:15:18.100977,",",False
2025-09-20T11:15:18.641436,,False
2025-09-20T11:15:19.227996,[ a,False
2025-09-20T11:15:19.910096,a ae,False
2025-09-20T11:15:20.517728,a,False
2025-09-20T11:15:21.098464,,False
2025-09-20T11:15:21.657284,.,False
2025-09-20T11:15:22.267469,© I q Scan,False
2025-09-20T11:15:22.840090,a,False
2025-09-20T11:15:23.378810,e&,False
2025-09-20T11:15:23.907908,|,False
2025-09-20T11:15:24.582528,a | A,False
2025-09-20T11:15:25.252525,| To,False
2025-09-20T11:15:25.771770,a a,False
2025-09-20T11:15:26.430492,é&,False
2025-09-20T11:15:26.994594,a : Sm,False
2025-09-20T11:15:27.483252,ae | To,False
2025-09-20T11:15:27.997176,e&,False
2025-09-20T11:15:28.534028,lm,False
2025-09-20T11:15:29.065369,€&,False
2025-09-20T11:15:29.587409,,False
2025-09-20T11:15:30.208062,1 &.,False
2025-09-20T11:15:30.758352,y wa,False
2025-09-20T11:15:31.246665,rr,False
2025-09-20T11:15:31.685041,,False
2025-09-20T11:15:32.125492,,False
2025-09-20T11:15:32.680711,a.,False
2025-09-20T11:15:33.200102,ZA,False
2025-09-20T11:15:33.831471,AX < ee 7,False
2025-09-20T11:15:34.270975,H 2 AX ; wo YAS,False
2025-09-20T11:15:34.975110,"H AY i , YASH ey",True
2025-09-20T13:57:30.784961,,False
2025-09-20T13:57:31.798695,"Ys,",False
2025-09-20T13:57:32.726761,vy 7 Va ¢,False
2025-09-20T13:57:33.519905,iy,False
2025-09-20T13:57:34.383977,"Y,",False
2025-09-20T13:57:35.231135,Ae. 4 By : a) “4 re a _,False
2025-09-20T13:57:35.993541,,False
2025-09-20T13:57:36.753293,", HELLO",True
2025-09-20T14:00:25.405425,' » el,False
2025-09-20T14:00:26.224344,a,False
2025-09-20T14:00:26.976297,a,False
2025-09-20T14:00:27.622318,“a,False
2025-09-20T14:00:28.362778,a,False
2025-09-20T14:00:28.879226,“a,False
2025-09-20T14:00:29.396116,“a,False
2025-09-20T14:00:30.072320,f,False
2025-09-20T14:00:30.590955,,False
2025-09-20T14:00:31.081457,,False
2025-09-20T14:00:31.586126,,False
2025-09-20T14:00:32.176889,,False
2025-09-20T14:00:32.710797,,False
2025-09-20T14:00:33.596049,,False
2025-09-20T14:00:34.128207,,False
2025-09-20T14:00:34.709898,,False
2025-09-20T14:00:35.216679,,False
2025-09-20T14:00:35.796270,,False
2025-09-20T14:00:36.304430,,False
2025-09-20T14:00:36.815789,7,False
2025-09-20T14:00:37.289167,,False
2025-09-20T14:00:37.893751,sal,False
2025-09-20T14:00:38.826938,i a ee ae eee erie ae eee ee,False
2025-09-20T14:00:39.731170,ee > an ere «2 5 go> pent se > eas eee a ef iti 48 Pe a Ee Re ES Dee ne,False
2025-09-20T14:00:40.451823,t t . i ] i et |,False
2025-09-20T14:00:40.992392,},False
2025-09-20T14:00:41.378039,,False
2025-09-20T14:00:42.003494,=.,False
2025-09-20T14:00:42.641820,Se,False
2025-09-20T14:00:43.246788,i ',False
2025-09-20T14:00:43.894993,oe,False
2025-09-20T14:00:44.532574,ae,False
2025-09-20T14:00:45.215456,=,False
2025-09-20T14:00:45.749778,,False
2025-09-20T14:00:46.261642,,False
2025-09-20T14:00:46.913597,om,False
2025-09-20T14:00:47.641692,am,False
2025-09-20T14:00:48.212833,,False
2025-09-20T14:00:48.775559,: :,False
2025-09-20T14:00:49.445344,te,False
2025-09-20T14:00:50.225661,co,False
2025-09-20T14:00:50.770440,a a bocce ve sn 3,False
2025-09-20T14:00:51.433447,ig,False
2025-09-20T14:00:52.050516,Sg,False
2025-09-20T14:00:52.557802,ie,False
2025-09-20T14:00:52.982399,a = Fo aod,False
2025-09-20T14:00:53.489960,s meet pains ( 5-,False
2025-09-20T14:00:54.076980,iy,False
2025-09-20T14:00:54.564181,a : ee  30-<* + t E /,False
2025-09-20T14:00:55.230861,E,False
2025-09-20T14:00:55.810343,a,False
2025-09-20T14:00:56.233479,,False
2025-09-20T14:00:56.776234,i,False
2025-09-20T14:00:57.328246,i,False
2025-09-20T14:00:57.759124,,False
2025-09-20T14:00:58.188309,,False
2025-09-20T14:00:58.732471,my,False
2025-09-20T14:00:59.245562,eat ee I,False
2025-09-20T14:00:59.885459,ee IN,False
2025-09-20T14:01:00.405194,,False
2025-09-20T14:01:00.902579,,False
2025-09-20T14:01:01.472734,ay,False
2025-09-20T14:01:02.052467,oy,False
2025-09-20T14:01:02.486237,iy,False
2025-09-20T14:01:03.140472,' ;,False
2025-09-20T14:01:03.614977,7,False
2025-09-20T14:01:04.174069,»,False
2025-09-20T14:01:04.751877,as,False
2025-09-20T14:01:05.205172,,False
2025-09-20T14:01:05.686017,"& 4 ,",False
2025-09-20T14:01:06.167967,,False
2025-09-20T14:01:06.672880,a,False
2025-09-20T14:01:07.164702,. XN ¢ Ss -,False
2025-09-20T14:01:07.676340,\\’,False
2025-09-20T14:01:08.188034,,False
2025-09-20T14:01:08.829318,_ fi,False
2025-09-20T14:01:09.635872,ji,False
2025-09-20T14:01:10.160240,_,False
2025-09-20T14:01:10.691649,Lf 4 |,False
2025-09-20T14:01:11.177994,,False
2025-09-20T14:01:11.663401,,False
2025-09-20T14:01:12.179533,“ \\ > ',False
2025-09-20T14:01:12.706060,i | \aq,False
2025-09-20T14:01:13.175437,,False
2025-09-20T14:01:13.608001,,False
2025-09-20T14:01:14.034884,,False
2025-09-20T14:01:14.491448,,False
2025-09-20T14:01:15.097938,,False
2025-09-20T14:01:15.534337,,False
2025-09-20T14:01:15.954470,,False
2025-09-20T14:01:16.395134,,False
2025-09-20T14:01:17.008301,,False
2025-09-20T14:01:17.524302,i ee AN nn,False
2025-09-20T14:01:18.025751,—~ — Ae,False
2025-09-20T14:01:18.549619,"y\\\ ~~ ,",False
2025-09-20T14:01:19.100214,geet,False
2025-09-20T14:01:19.768196,=,False
2025-09-20T14:01:20.308283,- <=,False
2025-09-20T14:01:20.854922,as eae 7 cA : ¥ — si =,False
2025-09-20T14:01:21.384451,eo 01338 2 werd @,False
2025-09-20T14:01:21.919190,= ‘ C4 ree > ae WELD,False
2025-09-20T14:01:22.429456,HEUG =,False
2025-09-20T14:01:23.077136,- i: ee Here 5 un,False
2025-09-20T14:01:23.605234,a,False
2025-09-20T14:01:24.110978,,False
2025-09-20T14:01:24.577396,HELLO ¥,True
